ts,agent_id,cam0x,cam0y,cam1x,cam1y,cam2x,cam2y,cam3x,cam3y,world0x,world0y,world1x,world1y,world2x,world2y,world3x,world3y
2068334575,0,128.49728393554688,114.67130279541016,128.32839965820312,95.82062530517578,128.2931671142578,88.89340209960938,128.1973876953125,85.10458374023438,0.013772702775895596,3.4995760917663574,0.016292966902256012,6.585542678833008,0.020509202033281326,9.44999885559082,0.017801126465201378,12.297846794128418
2093334576,0,128.49728393554688,114.67130279541016,128.32839965820312,95.82062530517578,128.2931671142578,88.89340209960938,128.1973876953125,85.10458374023438,0.013772702775895596,3.4995760917663574,0.016292966902256012,6.585542678833008,0.020509202033281326,9.44999885559082,0.017801126465201378,12.297846794128418
2118334576,0,128.49728393554688,114.67130279541016,128.32839965820312,95.82062530517578,128.2931671142578,88.89340209960938,128.1973876953125,85.10458374023438,0.013772702775895596,3.4995760917663574,0.016292966902256012,6.585542678833008,0.020509202033281326,9.44999885559082,0.017801126465201378,12.297846794128418
2143334576,0,128.49728393554688,114.67130279541016,128.32839965820312,95.82062530517578,128.2931671142578,88.89340209960938,128.1973876953125,85.10458374023438,0.013772702775895596,3.4995760917663574,0.016292966902256012,6.585542678833008,0.020509202033281326,9.44999885559082,0.017801126465201378,12.297846794128418
2168334577,0,128.49728393554688,114.67130279541016,128.32839965820312,95.82062530517578,128.2931671142578,88.89340209960938,128.1973876953125,85.10458374023438,0.013772702775895596,3.4995760917663574,0.016292966902256012,6.585542678833008,0.020509202033281326,9.44999885559082,0.017801126465201378,12.297846794128418
2193334577,0,128.7020263671875,114.58251190185547,128.3706512451172,95.25076293945312,128.35794067382812,88.0513687133789,128.31382751464844,84.16766357421875,0.019483759999275208,3.507707118988037,0.018839912489056587,6.756753921508789,0.026354186236858368,9.966716766357422,0.03048136830329895,13.275590896606445
2218334577,0,128.7020263671875,114.58251190185547,128.3706512451172,95.25076293945312,128.35794067382812,88.0513687133789,128.31382751464844,84.16766357421875,0.019483759999275208,3.507707118988037,0.018839912489056587,6.756753921508789,0.026354186236858368,9.966716766357422,0.03048136830329895,13.275590896606445
2243334578,0,128.7020263671875,114.58251190185547,128.3706512451172,95.25076293945312,128.35794067382812,88.0513687133789,128.31382751464844,84.16766357421875,0.019483759999275208,3.507707118988037,0.018839912489056587,6.756753921508789,0.026354186236858368,9.966716766357422,0.03048136830329895,13.275590896606445
2268334578,0,128.7020263671875,114.58251190185547,128.3706512451172,95.25076293945312,128.35794067382812,88.0513687133789,128.31382751464844,84.16766357421875,0.019483759999275208,3.507707118988037,0.018839912489056587,6.756753921508789,0.026354186236858368,9.966716766357422,0.03048136830329895,13.275590896606445
2293334579,0,128.6031951904297,114.86994171142578,128.27638244628906,95.36253356933594,128.2375030517578,88.11432647705078,128.1820068359375,84.21209716796875,0.016628596931695938,3.4815073013305664,0.01398109458386898,6.722515106201172,0.017418377101421356,9.926215171813965,0.017613597214221954,13.22583293914795
2318334579,0,128.6031951904297,114.86994171142578,128.27638244628906,95.36253356933594,128.2375030517578,88.11432647705078,128.1820068359375,84.21209716796875,0.016628596931695938,3.4815073013305664,0.01398109458386898,6.722515106201172,0.017418377101421356,9.926215171813965,0.017613597214221954,13.22583293914795
2343334579,0,128.6031951904297,114.86994171142578,128.27638244628906,95.36253356933594,128.2375030517578,88.11432647705078,128.1820068359375,84.21209716796875,0.016628596931695938,3.4815073013305664,0.01398109458386898,6.722515106201172,0.017418377101421356,9.926215171813965,0.017613597214221954,13.22583293914795
2368334580,0,128.6031951904297,114.86994171142578,128.27638244628906,95.36253356933594,128.2375030517578,88.11432647705078,128.1820068359375,84.21209716796875,0.016628596931695938,3.4815073013305664,0.01398109458386898,6.722515106201172,0.017418377101421356,9.926215171813965,0.017613597214221954,13.22583293914795
2393334580,0,128.45635986328125,114.73886108398438,128.1940155029297,95.3158187866211,128.15646362304688,88.080322265625,128.0953369140625,84.17778778076172,0.012619296088814735,3.4934120178222656,0.009834140539169312,6.736785411834717,0.011499243788421154,9.948051452636719,0.009252164512872696,13.264222145080566
2418334580,0,128.45635986328125,114.73886108398438,128.1940155029297,95.3158187866211,128.15646362304688,88.080322265625,128.0953369140625,84.17778778076172,0.012619296088814735,3.4934120178222656,0.009834140539169312,6.736785411834717,0.011499243788421154,9.948051452636719,0.009252164512872696,13.264222145080566
2443334581,0,128.45635986328125,114.73886108398438,128.1940155029297,95.3158187866211,128.15646362304688,88.080322265625,128.0953369140625,84.17778778076172,0.012619296088814735,3.4934120178222656,0.009834140539169312,6.736785411834717,0.011499243788421154,9.948051452636719,0.009252164512872696,13.264222145080566
2468334581,0,128.45635986328125,114.73886108398438,128.1940155029297,95.3158187866211,128.15646362304688,88.080322265625,128.0953369140625,84.17778778076172,0.012619296088814735,3.4934120178222656,0.009834140539169312,6.736785411834717,0.011499243788421154,9.948051452636719,0.009252164512872696,13.264222145080566
2493334582,0,128.36280822753906,114.61065673828125,128.19056701660156,95.24061584472656,128.16050720214844,88.015869140625,128.09524536132812,84.12232971191406,0.010062584653496742,3.5051262378692627,0.00969060231000185,6.759878635406494,0.011843896470963955,9.989694595336914,0.00928556639701128,13.32673454284668
2518334582,0,128.36280822753906,114.61065673828125,128.19056701660156,95.24061584472656,128.16050720214844,88.015869140625,128.09524536132812,84.12232971191406,0.010062584653496742,3.5051262378692627,0.00969060231000185,6.759878635406494,0.011843896470963955,9.989694595336914,0.00928556639701128,13.32673454284668
2543334582,0,128.36280822753906,114.61065673828125,128.19056701660156,95.24061584472656,128.16050720214844,88.015869140625,128.09524536132812,84.12232971191406,0.010062584653496742,3.5051262378692627,0.00969060231000185,6.759878635406494,0.011843896470963955,9.989694595336914,0.00928556639701128,13.32673454284668
2568334583,0,128.36280822753906,114.61065673828125,128.19056701660156,95.24061584472656,128.16050720214844,88.015869140625,128.09524536132812,84.12232971191406,0.010062584653496742,3.5051262378692627,0.00969060231000185,6.759878635406494,0.011843896470963955,9.989694595336914,0.00928556639701128,13.32673454284668
2593334583,0,128.31362915039062,114.48347473144531,128.177490234375,95.19306945800781,128.15139770507812,87.98443603515625,128.08364868164062,84.09883880615234,0.008724629878997803,3.5168166160583496,0.009044131264090538,6.774556636810303,0.011193673126399517,10.010126113891602,0.00817082729190588,13.353385925292969
2618334583,0,128.31362915039062,114.48347473144531,128.177490234375,95.19306945800781,128.15139770507812,87.98443603515625,128.08364868164062,84.09883880615234,0.008724629878997803,3.5168166160583496,0.009044131264090538,6.774556636810303,0.011193673126399517,10.010126113891602,0.00817082729190588,13.353385925292969
2643334584,0,128.31362915039062,114.48347473144531,128.177490234375,95.19306945800781,128.15139770507812,87.98443603515625,128.08364868164062,84.09883880615234,0.008724629878997803,3.5168166160583496,0.009044131264090538,6.774556636810303,0.011193673126399517,10.010126113891602,0.00817082729190588,13.353385925292969
2668334584,0,128.31362915039062,114.48347473144531,128.177490234375,95.19306945800781,128.15139770507812,87.98443603515625,128.08364868164062,84.09883880615234,0.008724629878997803,3.5168166160583496,0.009044131264090538,6.774556636810303,0.011193673126399517,10.010126113891602,0.00817082729190588,13.353385925292969
2693334585,0,128.29127502441406,114.45671844482422,128.19296264648438,95.18782806396484,128.1682891845703,87.97835540771484,128.09521484375,84.09078979492188,0.008107882924377918,3.519285202026367,0.009834760800004005,6.776178359985352,0.012447288259863853,10.014087677001953,0.009306805208325386,13.362542152404785
2718334585,0,128.29127502441406,114.45671844482422,128.19296264648438,95.18782806396484,128.1682891845703,87.97835540771484,128.09521484375,84.09078979492188,0.008107882924377918,3.519285202026367,0.009834760800004005,6.776178359985352,0.012447288259863853,10.014087677001953,0.009306805208325386,13.362542152404785
2743334585,0,128.29127502441406,114.45671844482422,128.19296264648438,95.18782806396484,128.1682891845703,87.97835540771484,128.09521484375,84.09078979492188,0.008107882924377918,3.519285202026367,0.009834760800004005,6.776178359985352,0.012447288259863853,10.014087677001953,0.009306805208325386,13.362542152404785
2768334586,0,128.29127502441406,114.45671844482422,128.19296264648438,95.18782806396484,128.1682891845703,87.97835540771484,128.09521484375,84.09078979492188,0.008107882924377918,3.519285202026367,0.009834760800004005,6.776178359985352,0.012447288259863853,10.014087677001953,0.009306805208325386,13.362542152404785
2793334586,0,128.2688446044922,114.40855407714844,128.1979522705078,95.1765365600586,128.1720733642578,87.97203826904297,128.08985900878906,84.08858489990234,0.007492012344300747,3.5237364768981934,0.010093984194099903,6.779675006866455,0.012732215225696564,10.018207550048828,0.008784899488091469,13.365052223205566
2818334586,0,128.2688446044922,114.40855407714844,128.1979522705078,95.1765365600586,128.1720733642578,87.97203826904297,128.08985900878906,84.08858489990234,0.007492012344300747,3.5237364768981934,0.010093984194099903,6.779675006866455,0.012732215225696564,10.018207550048828,0.008784899488091469,13.365052223205566
2843334587,0,128.2688446044922,114.40855407714844,128.1979522705078,95.1765365600586,128.1720733642578,87.97203826904297,128.08985900878906,84.08858489990234,0.007492012344300747,3.5237364768981934,0.010093984194099903,6.779675006866455,0.012732215225696564,10.018207550048828,0.008784899488091469,13.365052223205566
2868334587,0,128.2688446044922,114.40855407714844,128.1979522705078,95.1765365600586,128.1720733642578,87.97203826904297,128.08985900878906,84.08858489990234,0.007492012344300747,3.5237364768981934,0.010093984194099903,6.779675006866455,0.012732215225696564,10.018207550048828,0.008784899488091469,13.365052223205566
2893334588,0,128.28175354003906,114.38665771484375,128.20970153808594,95.16571807861328,128.1865997314453,87.96461486816406,128.10458374023438,84.08036804199219,0.007855808362364769,3.525763511657715,0.010698094964027405,6.783027172088623,0.013813484460115433,10.023051261901855,0.010231390595436096,13.374415397644043
2918334588,0,128.28175354003906,114.38665771484375,128.20970153808594,95.16571807861328,128.1865997314453,87.96461486816406,128.10458374023438,84.08036804199219,0.007855808362364769,3.525763511657715,0.010698094964027405,6.783027172088623,0.013813484460115433,10.023051261901855,0.010231390595436096,13.374415397644043
2943334588,0,128.28175354003906,114.38665771484375,128.20970153808594,95.16571807861328,128.1865997314453,87.96461486816406,128.10458374023438,84.08036804199219,0.007855808362364769,3.525763511657715,0.010698094964027405,6.783027172088623,0.013813484460115433,10.023051261901855,0.010231390595436096,13.374415397644043
2968334589,0,128.28175354003906,114.38665771484375,128.20970153808594,95.16571807861328,128.1865997314453,87.96461486816406,128.10458374023438,84.08036804199219,0.007855808362364769,3.525763511657715,0.010698094964027405,6.783027172088623,0.013813484460115433,10.023051261901855,0.010231390595436096,13.374415397644043
2993334589,0,128.26907348632812,114.37043762207031,128.22540283203125,95.16166687011719,128.20460510253906,87.96074676513672,128.11888122558594,84.07936096191406,0.007505136542022228,3.527266263961792,0.011501121334731579,6.784283638000488,0.015150045044720173,10.025577545166016,0.011631078086793423,13.375563621520996
3018334589,0,128.26907348632812,114.37043762207031,128.22540283203125,95.16166687011719,128.20460510253906,87.96074676513672,128.11888122558594,84.07936096191406,0.007505136542022228,3.527266263961792,0.011501121334731579,6.784283638000488,0.015150045044720173,10.025577545166016,0.011631078086793423,13.375563621520996
3043334590,0,128.26907348632812,114.37043762207031,128.22540283203125,95.16166687011719,128.20460510253906,87.96074676513672,128.11888122558594,84.07936096191406,0.007505136542022228,3.527266263961792,0.011501121334731579,6.784283638000488,0.015150045044720173,10.025577545166016,0.011631078086793423,13.375563621520996
3068334590,0,128.26907348632812,114.37043762207031,128.22540283203125,95.16166687011719,128.20460510253906,87.96074676513672,128.11888122558594,84.07936096191406,0.007505136542022228,3.527266263961792,0.011501121334731579,6.784283638000488,0.015150045044720173,10.025577545166016,0.011631078086793423,13.375563621520996
3093334591,0,128.2520751953125,114.38908386230469,128.2023468017578,95.16067504882812,128.18374633789062,87.95994567871094,128.10093688964844,84.07757568359375,0.007027918938547373,3.525538921356201,0.010325135663151741,6.7845916748046875,0.013606234453618526,10.026101112365723,0.009876903146505356,13.377598762512207
3118334591,0,128.2520751953125,114.38908386230469,128.2023468017578,95.16067504882812,128.18374633789062,87.95994567871094,128.10093688964844,84.07757568359375,0.007027918938547373,3.525538921356201,0.010325135663151741,6.7845916748046875,0.013606234453618526,10.026101112365723,0.009876903146505356,13.377598762512207
3143334591,0,128.2520751953125,114.38908386230469,128.2023468017578,95.16067504882812,128.18374633789062,87.95994567871094,128.10093688964844,84.07757568359375,0.007027918938547373,3.525538921356201,0.010325135663151741,6.7845916748046875,0.013606234453618526,10.026101112365723,0.009876903146505356,13.377598762512207
3168334592,0,128.2520751953125,114.38908386230469,128.2023468017578,95.16067504882812,128.18374633789062,87.95994567871094,128.10093688964844,84.07757568359375,0.007027918938547373,3.525538921356201,0.010325135663151741,6.7845916748046875,0.013606234453618526,10.026101112365723,0.009876903146505356,13.377598762512207
3193334592,0,128.2390594482422,114.32356262207031,128.22938537597656,95.14168548583984,128.21270751953125,87.94865417480469,128.12335205078125,84.06929779052734,0.006675354670733213,3.531615972518921,0.011714435182511806,6.790486812591553,0.015761932358145714,10.033482551574707,0.012078555300831795,13.387048721313477
3218334592,0,128.2390594482422,114.32356262207031,128.22938537597656,95.14168548583984,128.21270751953125,87.94865417480469,128.12335205078125,84.06929779052734,0.006675354670733213,3.531615972518921,0.011714435182511806,6.790486812591553,0.015761932358145714,10.033482551574707,0.012078555300831795,13.387048721313477
3243334593,0,128.2390594482422,114.32356262207031,128.22938537597656,95.14168548583984,128.21270751953125,87.94865417480469,128.12335205078125,84.06929779052734,0.006675354670733213,3.531615972518921,0.011714435182511806,6.790486812591553,0.015761932358145714,10.033482551574707,0.012078555300831795,13.387048721313477
3268334593,0,128.2390594482422,114.32356262207031,128.22938537597656,95.14168548583984,128.21270751953125,87.94865417480469,128.12335205078125,84.06929779052734,0.006675354670733213,3.531615972518921,0.011714435182511806,6.790486812591553,0.015761932358145714,10.033482551574707,0.012078555300831795,13.387048721313477
3293334593,0,128.24337768554688,114.34747314453125,128.22032165527344,95.14437866210938,128.20932006835938,87.94892883300781,128.12857055664062,84.06822204589844,0.006792097352445126,3.5293960571289062,0.011250252835452557,6.789649963378906,0.015510650351643562,10.033303260803223,0.012590670958161354,13.388278007507324
3318334594,0,128.24337768554688,114.34747314453125,128.22032165527344,95.14437866210938,128.20932006835938,87.94892883300781,128.12857055664062,84.06822204589844,0.006792097352445126,3.5293960571289062,0.011250252835452557,6.789649963378906,0.015510650351643562,10.033303260803223,0.012590670958161354,13.388278007507324
3343334594,0,128.24337768554688,114.34747314453125,128.22032165527344,95.14437866210938,128.20932006835938,87.94892883300781,128.12857055664062,84.06822204589844,0.006792097352445126,3.5293960571289062,0.011250252835452557,6.789649963378906,0.015510650351643562,10.033303260803223,0.012590670958161354,13.388278007507324
3368334595,0,128.24337768554688,114.34747314453125,128.22032165527344,95.14437866210938,128.20932006835938,87.94892883300781,128.12857055664062,84.06822204589844,0.006792097352445126,3.5293960571289062,0.011250252835452557,6.789649963378906,0.015510650351643562,10.033303260803223,0.012590670958161354,13.388278007507324
3393334595,0,128.22412109375,114.3145523071289,128.22598266601562,95.13446044921875,128.21627807617188,87.94198608398438,128.13021850585938,84.06341552734375,0.0062595573253929615,3.5324530601501465,0.011544267646968365,6.7927327156066895,0.016033219173550606,10.037846565246582,0.0127571327611804,13.39377212524414
3418334595,0,128.22412109375,114.3145523071289,128.22598266601562,95.13446044921875,128.21627807617188,87.94198608398438,128.13021850585938,84.06341552734375,0.0062595573253929615,3.5324530601501465,0.011544267646968365,6.7927327156066895,0.016033219173550606,10.037846565246582,0.0127571327611804,13.39377212524414
3443334596,0,128.22412109375,114.3145523071289,128.22598266601562,95.13446044921875,128.21627807617188,87.94198608398438,128.13021850585938,84.06341552734375,0.0062595573253929615,3.5324530601501465,0.011544267646968365,6.7927327156066895,0.016033219173550606,10.037846565246582,0.0127571327611804,13.39377212524414
3468334596,0,128.22412109375,114.3145523071289,128.22598266601562,95.13446044921875,128.21627807617188,87.94198608398438,128.13021850585938,84.06341552734375,0.0062595573253929615,3.5324530601501465,0.011544267646968365,6.7927327156066895,0.016033219173550606,10.037846565246582,0.0127571327611804,13.39377212524414
3493334596,0,128.23309326171875,114.34308624267578,128.21026611328125,95.14393615722656,128.19894409179688,87.94847106933594,128.11663818359375,84.06774139404297,0.006505757104605436,3.5298030376434326,0.01073699351400137,6.789787769317627,0.014742211438715458,10.033601760864258,0.011422611773014069,13.388827323913574
3518334597,0,128.23309326171875,114.34308624267578,128.21026611328125,95.14393615722656,128.19894409179688,87.94847106933594,128.11663818359375,84.06774139404297,0.006505757104605436,3.5298030376434326,0.01073699351400137,6.789787769317627,0.014742211438715458,10.033601760864258,0.011422611773014069,13.388827323913574
3543334597,0,128.23309326171875,114.34308624267578,128.21026611328125,95.14393615722656,128.19894409179688,87.94847106933594,128.11663818359375,84.06774139404297,0.006505757104605436,3.5298030376434326,0.01073699351400137,6.789787769317627,0.014742211438715458,10.033601760864258,0.011422611773014069,13.388827323913574
3568334598,0,128.23309326171875,114.34308624267578,128.21026611328125,95.14393615722656,128.19894409179688,87.94847106933594,128.11663818359375,84.06774139404297,0.006505757104605436,3.5298030376434326,0.01073699351400137,6.789787769317627,0.014742211438715458,10.033601760864258,0.011422611773014069,13.388827323913574
3593334598,0,128.22299194335938,114.28923797607422,128.2230224609375,95.12434387207031,128.21420288085938,87.93619537353516,128.1305694580078,84.05781555175781,0.006231749430298805,3.5348072052001953,0.011398030444979668,6.795879364013672,0.01588515006005764,10.04163932800293,0.012797455303370953,13.400177955627441
3618334598,0,128.22299194335938,114.28923797607422,128.2230224609375,95.12434387207031,128.21420288085938,87.93619537353516,128.1305694580078,84.05781555175781,0.006231749430298805,3.5348072052001953,0.011398030444979668,6.795879364013672,0.01588515006005764,10.04163932800293,0.012797455303370953,13.400177955627441
3643334599,0,128.22299194335938,114.28923797607422,128.2230224609375,95.12434387207031,128.21420288085938,87.93619537353516,128.1305694580078,84.05781555175781,0.006231749430298805,3.5348072052001953,0.011398030444979668,6.795879364013672,0.01588515006005764,10.04163932800293,0.012797455303370953,13.400177955627441
3668334599,0,128.22299194335938,114.28923797607422,128.2230224609375,95.12434387207031,128.21420288085938,87.93619537353516,128.1305694580078,84.05781555175781,0.006231749430298805,3.5348072052001953,0.011398030444979668,6.795879364013672,0.01588515006005764,10.04163932800293,0.012797455303370953,13.400177955627441
3693334599,0,128.23387145996094,114.3359603881836,128.21238708496094,95.13888549804688,128.20379638671875,87.94308471679688,128.12359619140625,84.0629653930664,0.00652857543900609,3.5304644107818604,0.010847666300833225,6.791357517242432,0.01510688103735447,10.037127494812012,0.012108814902603626,13.394286155700684
3718334600,0,128.23387145996094,114.3359603881836,128.21238708496094,95.13888549804688,128.20379638671875,87.94308471679688,128.12359619140625,84.0629653930664,0.00652857543900609,3.5304644107818604,0.010847666300833225,6.791357517242432,0.01510688103735447,10.037127494812012,0.012108814902603626,13.394286155700684
3743334600,0,128.23387145996094,114.3359603881836,128.21238708496094,95.13888549804688,128.20379638671875,87.94308471679688,128.12359619140625,84.0629653930664,0.00652857543900609,3.5304644107818604,0.010847666300833225,6.791357517242432,0.01510688103735447,10.037127494812012,0.012108814902603626,13.394286155700684
3768334601,0,128.23387145996094,114.3359603881836,128.21238708496094,95.13888549804688,128.20379638671875,87.94308471679688,128.12359619140625,84.0629653930664,0.00652857543900609,3.5304644107818604,0.010847666300833225,6.791357517242432,0.01510688103735447,10.037127494812012,0.012108814902603626,13.394286155700684
3793334601,0,128.2154998779297,114.27577209472656,128.21478271484375,95.11827087402344,128.20675659179688,87.9345703125,128.1239776611328,84.05854034423828,0.006024293135851622,3.536060094833374,0.010979805141687393,6.797770023345947,0.01533449999988079,10.042703628540039,0.01215064525604248,13.399348258972168
3818334601,0,128.2154998779297,114.27577209472656,128.21478271484375,95.11827087402344,128.20675659179688,87.9345703125,128.1239776611328,84.05854034423828,0.006024293135851622,3.536060094833374,0.010979805141687393,6.797770023345947,0.01533449999988079,10.042703628540039,0.01215064525604248,13.399348258972168
3843334602,0,128.2154998779297,114.27577209472656,128.21478271484375,95.11827087402344,128.20675659179688,87.9345703125,128.1239776611328,84.05854034423828,0.006024293135851622,3.536060094833374,0.010979805141687393,6.797770023345947,0.01533449999988079,10.042703628540039,0.01215064525604248,13.399348258972168
3868334602,0,128.2154998779297,114.27577209472656,128.21478271484375,95.11827087402344,128.20675659179688,87.9345703125,128.1239776611328,84.05854034423828,0.006024293135851622,3.536060094833374,0.010979805141687393,6.797770023345947,0.01533449999988079,10.042703628540039,0.01215064525604248,13.399348258972168
3893334602,0,128.2250213623047,114.32666778564453,128.2073974609375,95.1325912475586,128.19970703125,87.93953704833984,128.12051391601562,84.06078338623047,0.006282901857048273,3.531327247619629,0.010595702566206455,6.793313503265381,0.014807040803134441,10.039449691772461,0.011808978393673897,13.396781921386719
3918334603,0,128.2250213623047,114.32666778564453,128.2073974609375,95.1325912475586,128.19970703125,87.93953704833984,128.12051391601562,84.06078338623047,0.006282901857048273,3.531327247619629,0.010595702566206455,6.793313503265381,0.014807040803134441,10.039449691772461,0.011808978393673897,13.396781921386719
3943334603,0,128.2250213623047,114.32666778564453,128.2073974609375,95.1325912475586,128.19970703125,87.93953704833984,128.12051391601562,84.06078338623047,0.006282901857048273,3.531327247619629,0.010595702566206455,6.793313503265381,0.014807040803134441,10.039449691772461,0.011808978393673897,13.396781921386719
3968334604,0,128.2250213623047,114.32666778564453,128.2073974609375,95.1325912475586,128.19970703125,87.93953704833984,128.12051391601562,84.06078338623047,0.006282901857048273,3.531327247619629,0.010595702566206455,6.793313503265381,0.014807040803134441,10.039449691772461,0.011808978393673897,13.396781921386719
3993334604,0,128.21893310546875,114.28694152832031,128.21925354003906,95.1192626953125,128.2139434814453,87.93370056152344,128.13482666015625,84.05905151367188,0.006118652410805225,3.535020589828491,0.011207874864339828,6.797460556030273,0.015868397429585457,10.04327392578125,0.01321335881948471,13.398762702941895
4018334604,0,128.21893310546875,114.28694152832031,128.21925354003906,95.1192626953125,128.2139434814453,87.93370056152344,128.13482666015625,84.05905151367188,0.006118652410805225,3.535020589828491,0.011207874864339828,6.797460556030273,0.015868397429585457,10.04327392578125,0.01321335881948471,13.398762702941895
4043334605,0,128.21893310546875,114.28694152832031,128.21925354003906,95.1192626953125,128.2139434814453,87.93370056152344,128.13482666015625,84.05905151367188,0.006118652410805225,3.535020589828491,0.011207874864339828,6.797460556030273,0.015868397429585457,10.04327392578125,0.01321335881948471,13.398762702941895
4068334605,0,128.21893310546875,114.28694152832031,128.21925354003906,95.1192626953125,128.2139434814453,87.93370056152344,128.13482666015625,84.05905151367188,0.006118652410805225,3.535020589828491,0.011207874864339828,6.797460556030273,0.015868397429585457,10.04327392578125,0.01321335881948471,13.398762702941895
4093334605,0,128.2247772216797,114.32160186767578,128.21018981933594,95.12833404541016,128.2034149169922,87.93669128417969,128.12550354003906,84.05757141113281,0.00627683661878109,3.5317978858947754,0.010740337893366814,6.794637680053711,0.015084652230143547,10.041314125061035,0.012301179580390453,13.400456428527832
4118334606,0,128.2247772216797,114.32160186767578,128.21018981933594,95.12833404541016,128.2034149169922,87.93669128417969,128.12550354003906,84.05757141113281,0.00627683661878109,3.5317978858947754,0.010740337893366814,6.794637680053711,0.015084652230143547,10.041314125061035,0.012301179580390453,13.400456428527832
4143334606,0,128.2247772216797,114.32160186767578,128.21018981933594,95.12833404541016,128.2034149169922,87.93669128417969,128.12550354003906,84.05757141113281,0.00627683661878109,3.5317978858947754,0.010740337893366814,6.794637680053711,0.015084652230143547,10.041314125061035,0.012301179580390453,13.400456428527832
4168334607,0,128.2247772216797,114.32160186767578,128.21018981933594,95.12833404541016,128.2034149169922,87.93669128417969,128.12550354003906,84.05757141113281,0.00627683661878109,3.5317978858947754,0.010740337893366814,6.794637680053711,0.015084652230143547,10.041314125061035,0.012301179580390453,13.400456428527832
4193334607,0,128.21653747558594,114.26594543457031,128.2135772705078,95.11454772949219,128.20703125,87.93098449707031,128.1268768310547,84.0539779663086,0.006054706405848265,3.536975383758545,0.010919940657913685,6.798929214477539,0.015358327887952328,10.04505443572998,0.012439490295946598,13.404571533203125
4218334607,0,128.21653747558594,114.26594543457031,128.2135772705078,95.11454772949219,128.20703125,87.93098449707031,128.1268768310547,84.0539779663086,0.006054706405848265,3.536975383758545,0.010919940657913685,6.798929214477539,0.015358327887952328,10.04505443572998,0.012439490295946598,13.404571533203125
4243334608,0,128.21653747558594,114.26594543457031,128.2135772705078,95.11454772949219,128.20703125,87.93098449707031,128.1268768310547,84.0539779663086,0.006054706405848265,3.536975383758545,0.010919940657913685,6.798929214477539,0.015358327887952328,10.04505443572998,0.012439490295946598,13.404571533203125
4268334608,0,128.21653747558594,114.26594543457031,128.2135772705078,95.11454772949219,128.20703125,87.93098449707031,128.1268768310547,84.0539779663086,0.006054706405848265,3.536975383758545,0.010919940657913685,6.798929214477539,0.015358327887952328,10.04505443572998,0.012439490295946598,13.404571533203125
4293334608,0,128.23312377929688,114.31977844238281,128.2123260498047,95.12554168701172,128.2041778564453,87.9328384399414,128.12631225585938,84.05422973632812,0.0065101925283670425,3.5319674015045166,0.010850806720554829,6.795506954193115,0.015144889242947102,10.043838500976562,0.01238387729972601,13.404282569885254
4318334609,0,128.23312377929688,114.31977844238281,128.2123260498047,95.12554168701172,128.2041778564453,87.9328384399414,128.12631225585938,84.05422973632812,0.0065101925283670425,3.5319674015045166,0.010850806720554829,6.795506954193115,0.015144889242947102,10.043838500976562,0.01238387729972601,13.404282569885254
4343334609,0,128.23312377929688,114.31977844238281,128.2123260498047,95.12554168701172,128.2041778564453,87.9328384399414,128.12631225585938,84.05422973632812,0.0065101925283670425,3.5319674015045166,0.010850806720554829,6.795506954193115,0.015144889242947102,10.043838500976562,0.01238387729972601,13.404282569885254
4368334610,0,128.23312377929688,114.31977844238281,128.2123260498047,95.12554168701172,128.2041778564453,87.9328384399414,128.12631225585938,84.05422973632812,0.0065101925283670425,3.5319674015045166,0.010850806720554829,6.795506954193115,0.015144889242947102,10.043838500976562,0.01238387729972601,13.404282569885254
4393334610,0,128.22528076171875,114.27839660644531,128.22299194335938,95.1191635131836,128.21636962890625,87.93177032470703,128.135009765625,84.05548095703125,0.006297327112406492,3.535815954208374,0.011399024166166782,6.797491550445557,0.016050288453698158,10.044538497924805,0.013235224410891533,13.402851104736328
4418334610,0,128.22528076171875,114.27839660644531,128.22299194335938,95.1191635131836,128.21636962890625,87.93177032470703,128.135009765625,84.05548095703125,0.006297327112406492,3.535815954208374,0.011399024166166782,6.797491550445557,0.016050288453698158,10.044538497924805,0.013235224410891533,13.402851104736328
4443334611,0,128.22528076171875,114.27839660644531,128.22299194335938,95.1191635131836,128.21636962890625,87.93177032470703,128.135009765625,84.05548095703125,0.006297327112406492,3.535815954208374,0.011399024166166782,6.797491550445557,0.016050288453698158,10.044538497924805,0.013235224410891533,13.402851104736328
4468334611,0,128.22528076171875,114.27839660644531,128.22299194335938,95.1191635131836,128.21636962890625,87.93177032470703,128.135009765625,84.05548095703125,0.006297327112406492,3.535815954208374,0.011399024166166782,6.797491550445557,0.016050288453698158,10.044538497924805,0.013235224410891533,13.402851104736328
4493334611,0,128.24330139160156,114.2701416015625,128.22015380859375,95.1170654296875,128.21168518066406,87.92597961425781,128.13131713867188,84.04997253417969,0.0068023898638784885,3.5365846157073975,0.011254965327680111,6.798145294189453,0.015708506107330322,10.048336029052734,0.012879113666713238,13.409159660339355
4518334612,0,128.24330139160156,114.2701416015625,128.22015380859375,95.1170654296875,128.21168518066406,87.92597961425781,128.13131713867188,84.04997253417969,0.0068023898638784885,3.5365846157073975,0.011254965327680111,6.798145294189453,0.015708506107330322,10.048336029052734,0.012879113666713238,13.409159660339355
4543334612,0,128.24330139160156,114.2701416015625,128.22015380859375,95.1170654296875,128.21168518066406,87.92597961425781,128.13131713867188,84.04997253417969,0.0068023898638784885,3.5365846157073975,0.011254965327680111,6.798145294189453,0.015708506107330322,10.048336029052734,0.012879113666713238,13.409159660339355
4568334612,0,128.24330139160156,114.2701416015625,128.22015380859375,95.1170654296875,128.21168518066406,87.92597961425781,128.13131713867188,84.04997253417969,0.0068023898638784885,3.5365846157073975,0.011254965327680111,6.798145294189453,0.015708506107330322,10.048336029052734,0.012879113666713238,13.409159660339355
4593334613,0,128.18406677246094,114.18852233886719,128.15240478515625,95.09496307373047,128.13653564453125,87.91978454589844,128.05355834960938,84.05062866210938,0.00515622366219759,3.5442006587982178,0.00779887568205595,6.805034160614014,0.010135834105312824,10.05240249633789,0.005252524744719267,13.408408164978027
4618334613,0,128.18406677246094,114.18852233886719,128.15240478515625,95.09496307373047,128.13653564453125,87.91978454589844,128.05355834960938,84.05062866210938,0.00515622366219759,3.5442006587982178,0.00779887568205595,6.805034160614014,0.010135834105312824,10.05240249633789,0.005252524744719267,13.408408164978027
4643334614,0,128.18406677246094,114.18852233886719,128.15240478515625,95.09496307373047,128.13653564453125,87.91978454589844,128.05355834960938,84.05062866210938,0.00515622366219759,3.5442006587982178,0.00779887568205595,6.805034160614014,0.010135834105312824,10.05240249633789,0.005252524744719267,13.408408164978027
4668334614,0,128.18406677246094,114.18852233886719,128.15240478515625,95.09496307373047,128.13653564453125,87.91978454589844,128.05355834960938,84.05062866210938,0.00515622366219759,3.5442006587982178,0.00779887568205595,6.805034160614014,0.010135834105312824,10.05240249633789,0.005252524744719267,13.408408164978027
4693334614,0,128.2320556640625,114.02969360351562,128.1772003173828,95.04877471923828,128.19163513183594,87.89646911621094,128.15391540527344,84.01363372802734,0.006525090895593166,3.559105396270752,0.009085886180400848,6.819472312927246,0.014247055165469646,10.067733764648438,0.015141133219003677,13.45093059539795
4718334615,0,128.2320556640625,114.02969360351562,128.1772003173828,95.04877471923828,128.19163513183594,87.89646911621094,128.15391540527344,84.01363372802734,0.006525090895593166,3.559105396270752,0.009085886180400848,6.819472312927246,0.014247055165469646,10.067733764648438,0.015141133219003677,13.45093059539795
4743334615,0,128.2320556640625,114.02969360351562,128.1772003173828,95.04877471923828,128.19163513183594,87.89646911621094,128.15391540527344,84.01363372802734,0.006525090895593166,3.559105396270752,0.009085886180400848,6.819472312927246,0.014247055165469646,10.067733764648438,0.015141133219003677,13.45093059539795
4768334615,0,128.2320556640625,114.02969360351562,128.1772003173828,95.04877471923828,128.19163513183594,87.89646911621094,128.15391540527344,84.01363372802734,0.006525090895593166,3.559105396270752,0.009085886180400848,6.819472312927246,0.014247055165469646,10.067733764648438,0.015141133219003677,13.45093059539795
4793334616,0,128.3094482421875,113.86559295654297,128.30221557617188,95.0416030883789,128.33680725097656,87.91133117675781,128.30152893066406,84.05792999267578,0.008735372684895992,3.5746240615844727,0.015500825829803944,6.821719646453857,0.02501644194126129,10.057955741882324,0.029553359374403954,13.400046348571777
4818334616,0,128.3094482421875,113.86559295654297,128.30221557617188,95.0416030883789,128.33680725097656,87.91133117675781,128.30152893066406,84.05792999267578,0.008735372684895992,3.5746240615844727,0.015500825829803944,6.821719646453857,0.02501644194126129,10.057955741882324,0.029553359374403954,13.400046348571777
4843334617,0,128.3094482421875,113.86559295654297,128.30221557617188,95.0416030883789,128.33680725097656,87.91133117675781,128.30152893066406,84.05792999267578,0.008735372684895992,3.5746240615844727,0.015500825829803944,6.821719646453857,0.02501644194126129,10.057955741882324,0.029553359374403954,13.400046348571777
4868334617,0,128.3094482421875,113.86559295654297,128.30221557617188,95.0416030883789,128.33680725097656,87.91133117675781,128.30152893066406,84.05792999267578,0.008735372684895992,3.5746240615844727,0.015500825829803944,6.821719646453857,0.02501644194126129,10.057955741882324,0.029553359374403954,13.400046348571777
4893334617,0,128.375,114.2294921875,128.39596557617188,95.16211700439453,128.44259643554688,87.95135498046875,128.42832946777344,84.08946990966797,0.010494604706764221,3.5403740406036377,0.02020364999771118,6.784144401550293,0.03279148042201996,10.031716346740723,0.04187177121639252,13.364044189453125
4918334618,0,128.375,114.2294921875,128.39596557617188,95.16211700439453,128.44259643554688,87.95135498046875,128.42832946777344,84.08946990966797,0.010494604706764221,3.5403740406036377,0.02020364999771118,6.784144401550293,0.03279148042201996,10.031716346740723,0.04187177121639252,13.364044189453125
4943334618,0,128.375,114.2294921875,128.39596557617188,95.16211700439453,128.44259643554688,87.95135498046875,128.42832946777344,84.08946990966797,0.010494604706764221,3.5403740406036377,0.02020364999771118,6.784144401550293,0.03279148042201996,10.031716346740723,0.04187177121639252,13.364044189453125
4968334618,0,128.375,114.2294921875,128.39596557617188,95.16211700439453,128.44259643554688,87.95135498046875,128.42832946777344,84.08946990966797,0.010494604706764221,3.5403740406036377,0.02020364999771118,6.784144401550293,0.03279148042201996,10.031716346740723,0.04187177121639252,13.364044189453125
4993334619,0,128.26564025878906,114.450439453125,128.29168701171875,95.1886215209961,128.31796264648438,87.93763732910156,128.2913818359375,84.07479858398438,0.007395411841571331,3.519865036010742,0.014865954406559467,6.775932788848877,0.023577773943543434,10.040694236755371,0.028518930077552795,13.380767822265625
5018334619,0,128.26564025878906,114.450439453125,128.29168701171875,95.1886215209961,128.31796264648438,87.93763732910156,128.2913818359375,84.07479858398438,0.007395411841571331,3.519865036010742,0.014865954406559467,6.775932788848877,0.023577773943543434,10.040694236755371,0.028518930077552795,13.380767822265625
5043334620,0,128.26564025878906,114.450439453125,128.29168701171875,95.1886215209961,128.31796264648438,87.93763732910156,128.2913818359375,84.07479858398438,0.007395411841571331,3.519865036010742,0.014865954406559467,6.775932788848877,0.023577773943543434,10.040694236755371,0.028518930077552795,13.380767822265625
5068334620,0,128.26564025878906,114.450439453125,128.29168701171875,95.1886215209961,128.31796264648438,87.93763732910156,128.2913818359375,84.07479858398438,0.007395411841571331,3.519865036010742,0.014865954406559467,6.775932788848877,0.023577773943543434,10.040694236755371,0.028518930077552795,13.380767822265625
5093334620,0,127.9731216430664,114.34449005126953,128.0060577392578,95.17234802246094,128.0210418701172,87.92412567138672,127.97434997558594,84.05598449707031,-0.0007501644431613386,3.529672861099243,0.000308952119667083,6.780972480773926,0.001561634475365281,10.049553871154785,-0.002514408202841878,13.402274131774902
5118334621,0,127.9731216430664,114.34449005126953,128.0060577392578,95.17234802246094,128.0210418701172,87.92412567138672,127.97434997558594,84.05598449707031,-0.0007501644431613386,3.529672861099243,0.000308952119667083,6.780972480773926,0.001561634475365281,10.049553871154785,-0.002514408202841878,13.402274131774902
5143334621,0,127.9731216430664,114.34449005126953,128.0060577392578,95.17234802246094,128.0210418701172,87.92412567138672,127.97434997558594,84.05598449707031,-0.0007501644431613386,3.529672861099243,0.000308952119667083,6.780972480773926,0.001561634475365281,10.049553871154785,-0.002514408202841878,13.402274131774902
5168334621,0,127.9731216430664,114.34449005126953,128.0060577392578,95.17234802246094,128.0210418701172,87.92412567138672,127.97434997558594,84.05598449707031,-0.0007501644431613386,3.529672861099243,0.000308952119667083,6.780972480773926,0.001561634475365281,10.049553871154785,-0.002514408202841878,13.402274131774902
5193334622,0,128.04568481445312,114.44821166992188,127.96403503417969,95.14801025390625,127.97560119628906,87.9210205078125,127.95565795898438,84.06622314453125,0.0012719297083094716,3.520070791244507,-0.0018361859256401658,6.788522720336914,-0.001811124267987907,10.051590919494629,-0.004343051463365555,13.390562057495117
5218334622,0,128.04568481445312,114.44821166992188,127.96403503417969,95.14801025390625,127.97560119628906,87.9210205078125,127.95565795898438,84.06622314453125,0.0012719297083094716,3.520070791244507,-0.0018361859256401658,6.788522720336914,-0.001811124267987907,10.051590919494629,-0.004343051463365555,13.390562057495117
5243334623,0,128.04568481445312,114.44821166992188,127.96403503417969,95.14801025390625,127.97560119628906,87.9210205078125,127.95565795898438,84.06622314453125,0.0012719297083094716,3.520070791244507,-0.0018361859256401658,6.788522720336914,-0.001811124267987907,10.051590919494629,-0.004343051463365555,13.390562057495117
5268334623,0,128.04568481445312,114.44821166992188,127.96403503417969,95.14801025390625,127.97560119628906,87.9210205078125,127.95565795898438,84.06622314453125,0.0012719297083094716,3.520070791244507,-0.0018361859256401658,6.788522720336914,-0.001811124267987907,10.051590919494629,-0.004343051463365555,13.390562057495117
5293334623,0,127.97016906738281,114.52424621582031,127.87178802490234,95.15071868896484,127.8862533569336,87.91993713378906,127.87059020996094,84.058349609375,-0.0008290502591989934,3.5130615234375,-0.0065450770780444145,6.787681579589844,-0.008443992584943771,10.052302360534668,-0.012683231383562088,13.399566650390625
5318334624,0,127.97016906738281,114.52424621582031,127.87178802490234,95.15071868896484,127.8862533569336,87.91993713378906,127.87059020996094,84.058349609375,-0.0008290502591989934,3.5130615234375,-0.0065450770780444145,6.787681579589844,-0.008443992584943771,10.052302360534668,-0.012683231383562088,13.399566650390625
5343334624,0,127.97016906738281,114.52424621582031,127.87178802490234,95.15071868896484,127.8862533569336,87.91993713378906,127.87059020996094,84.058349609375,-0.0008290502591989934,3.5130615234375,-0.0065450770780444145,6.787681579589844,-0.008443992584943771,10.052302360534668,-0.012683231383562088,13.399566650390625
5368334624,0,127.97016906738281,114.52424621582031,127.87178802490234,95.15071868896484,127.8862533569336,87.91993713378906,127.87059020996094,84.058349609375,-0.0008290502591989934,3.5130615234375,-0.0065450770780444145,6.787681579589844,-0.008443992584943771,10.052302360534668,-0.012683231383562088,13.399566650390625
5393334625,0,128.08229064941406,114.44499969482422,127.93515014648438,95.14453887939453,127.95111083984375,87.92376708984375,127.94602966308594,84.07563781738281,0.0022912612184882164,3.520367383956909,-0.003311395877972245,6.789600372314453,-0.003628418780863285,10.049788475036621,-0.005281967110931873,13.379810333251953
5418334625,0,128.08229064941406,114.44499969482422,127.93515014648438,95.14453887939453,127.95111083984375,87.92376708984375,127.94602966308594,84.07563781738281,0.0022912612184882164,3.520367383956909,-0.003311395877972245,6.789600372314453,-0.003628418780863285,10.049788475036621,-0.005281967110931873,13.379810333251953
5443334626,0,128.08229064941406,114.44499969482422,127.93515014648438,95.14453887939453,127.95111083984375,87.92376708984375,127.94602966308594,84.07563781738281,0.0022912612184882164,3.520367383956909,-0.003311395877972245,6.789600372314453,-0.003628418780863285,10.049788475036621,-0.005281967110931873,13.379810333251953
5468334626,0,128.08229064941406,114.44499969482422,127.93515014648438,95.14453887939453,127.95111083984375,87.92376708984375,127.94602966308594,84.07563781738281,0.0022912612184882164,3.520367383956909,-0.003311395877972245,6.789600372314453,-0.003628418780863285,10.049788475036621,-0.005281967110931873,13.379810333251953
5493334626,0,128.22708129882812,114.34578704833984,128.11061096191406,95.15643310546875,128.1522216796875,87.97606658935547,128.17391967773438,84.130859375,0.006337555591017008,3.5295522212982178,0.0056451717391610146,6.785907745361328,0.011260490864515305,10.015580177307129,0.016943683847784996,13.317083358764648
5518334627,0,128.22708129882812,114.34578704833984,128.11061096191406,95.15643310546875,128.1522216796875,87.97606658935547,128.17391967773438,84.130859375,0.006337555591017008,3.5295522212982178,0.0056451717391610146,6.785907745361328,0.011260490864515305,10.015580177307129,0.016943683847784996,13.317083358764648
5543334627,0,128.22708129882812,114.34578704833984,128.11061096191406,95.15643310546875,128.1522216796875,87.97606658935547,128.17391967773438,84.130859375,0.006337555591017008,3.5295522212982178,0.0056451717391610146,6.785907745361328,0.011260490864515305,10.015580177307129,0.016943683847784996,13.317083358764648
5568334627,0,128.22708129882812,114.34578704833984,128.11061096191406,95.15643310546875,128.1522216796875,87.97606658935547,128.17391967773438,84.130859375,0.006337555591017008,3.5295522212982178,0.0056451717391610146,6.785907745361328,0.011260490864515305,10.015580177307129,0.016943683847784996,13.317083358764648
5593334628,0,128.1705322265625,114.52969360351562,128.12713623046875,95.19908905029297,128.1084747314453,88.04226684570312,128.06504821777344,84.1719741821289,0.0047387611120939255,3.5125601291656494,0.006476629059761763,6.772695064544678,0.007991227321326733,9.972599029541016,0.00631575146690011,13.27074909210205
5618334628,0,128.1705322265625,114.52969360351562,128.12713623046875,95.19908905029297,128.1084747314453,88.04226684570312,128.06504821777344,84.1719741821289,0.0047387611120939255,3.5125601291656494,0.006476629059761763,6.772695064544678,0.007991227321326733,9.972599029541016,0.00631575146690011,13.27074909210205
5643334629,0,128.1705322265625,114.52969360351562,128.12713623046875,95.19908905029297,128.1084747314453,88.04226684570312,128.06504821777344,84.1719741821289,0.0047387611120939255,3.5125601291656494,0.006476629059761763,6.772695064544678,0.007991227321326733,9.972599029541016,0.00631575146690011,13.27074909210205
5668334629,0,128.1705322265625,114.52969360351562,128.12713623046875,95.19908905029297,128.1084747314453,88.04226684570312,128.06504821777344,84.1719741821289,0.0047387611120939255,3.5125601291656494,0.006476629059761763,6.772695064544678,0.007991227321326733,9.972599029541016,0.00631575146690011,13.27074909210205
5693334629,0,128.2479248046875,114.34844970703125,128.27769470214844,95.07749938964844,128.2672119140625,87.93307495117188,128.22869873046875,84.06829071044922,0.00691883685067296,3.5293052196502686,0.014220979064702988,6.810486316680908,0.019820144400000572,10.043683052062988,0.02239590510725975,13.388198852539062
5718334630,0,128.2479248046875,114.34844970703125,128.27769470214844,95.07749938964844,128.2672119140625,87.93307495117188,128.22869873046875,84.06829071044922,0.00691883685067296,3.5293052196502686,0.014220979064702988,6.810486316680908,0.019820144400000572,10.043683052062988,0.02239590510725975,13.388198852539062
5743334630,0,128.2479248046875,114.34844970703125,128.27769470214844,95.07749938964844,128.2672119140625,87.93307495117188,128.22869873046875,84.06829071044922,0.00691883685067296,3.5293052196502686,0.014220979064702988,6.810486316680908,0.019820144400000572,10.043683052062988,0.02239590510725975,13.388198852539062
5768334630,0,128.2479248046875,114.34844970703125,128.27769470214844,95.07749938964844,128.2672119140625,87.93307495117188,128.22869873046875,84.06829071044922,0.00691883685067296,3.5293052196502686,0.014220979064702988,6.810486316680908,0.019820144400000572,10.043683052062988,0.02239590510725975,13.388198852539062
5793334631,0,128.32957458496094,114.79081726074219,128.25640869140625,95.20137023925781,128.23968505859375,87.96310424804688,128.1941375732422,84.0912857055664,0.009102355688810349,3.48868465423584,0.01306079886853695,6.771989345550537,0.01774492859840393,10.024038314819336,0.018975261598825455,13.361977577209473
5818334631,0,128.32957458496094,114.79081726074219,128.25640869140625,95.20137023925781,128.23968505859375,87.96310424804688,128.1941375732422,84.0912857055664,0.009102355688810349,3.48868465423584,0.01306079886853695,6.771989345550537,0.01774492859840393,10.024038314819336,0.018975261598825455,13.361977577209473
5843334631,0,128.32957458496094,114.79081726074219,128.25640869140625,95.20137023925781,128.23968505859375,87.96310424804688,128.1941375732422,84.0912857055664,0.009102355688810349,3.48868465423584,0.01306079886853695,6.771989345550537,0.01774492859840393,10.024038314819336,0.018975261598825455,13.361977577209473
5868334632,0,128.32957458496094,114.79081726074219,128.25640869140625,95.20137023925781,128.23968505859375,87.96310424804688,128.1941375732422,84.0912857055664,0.009102355688810349,3.48868465423584,0.01306079886853695,6.771989345550537,0.01774492859840393,10.024038314819336,0.018975261598825455,13.361977577209473
5893334632,0,128.29617309570312,114.52313232421875,128.36114501953125,95.16560363769531,128.36590576171875,87.95687866210938,128.3168487548828,84.11463928222656,0.008231349289417267,3.5131640434265137,0.018424201756715775,6.7830634117126465,0.02710016630589962,10.028104782104492,0.03090951032936573,13.335447311401367
5918334633,0,128.29617309570312,114.52313232421875,128.36114501953125,95.16560363769531,128.36590576171875,87.95687866210938,128.3168487548828,84.11463928222656,0.008231349289417267,3.5131640434265137,0.018424201756715775,6.7830634117126465,0.02710016630589962,10.028104782104492,0.03090951032936573,13.335447311401367
5943334633,0,128.29617309570312,114.52313232421875,128.36114501953125,95.16560363769531,128.36590576171875,87.95687866210938,128.3168487548828,84.11463928222656,0.008231349289417267,3.5131640434265137,0.018424201756715775,6.7830634117126465,0.02710016630589962,10.028104782104492,0.03090951032936573,13.335447311401367
5968334633,0,128.29617309570312,114.52313232421875,128.36114501953125,95.16560363769531,128.36590576171875,87.95687866210938,128.3168487548828,84.11463928222656,0.008231349289417267,3.5131640434265137,0.018424201756715775,6.7830634117126465,0.02710016630589962,10.028104782104492,0.03090951032936573,13.335447311401367
5993334634,0,128.12405395507812,114.46627807617188,127.98499298095703,95.13351440429688,127.95531463623047,87.92350769042969,127.91645812988281,84.08782196044922,0.0034523678477853537,3.5184030532836914,-0.0007666611927561462,6.793026924133301,-0.003316478803753853,10.049959182739258,-0.008167831227183342,13.365920066833496
6018334634,0,128.12405395507812,114.46627807617188,127.98499298095703,95.13351440429688,127.95531463623047,87.92350769042969,127.91645812988281,84.08782196044922,0.0034523678477853537,3.5184030532836914,-0.0007666611927561462,6.793026924133301,-0.003316478803753853,10.049959182739258,-0.008167831227183342,13.365920066833496
6043334634,0,128.12405395507812,114.46627807617188,127.98499298095703,95.13351440429688,127.95531463623047,87.92350769042969,127.91645812988281,84.08782196044922,0.0034523678477853537,3.5184030532836914,-0.0007666611927561462,6.793026924133301,-0.003316478803753853,10.049959182739258,-0.008167831227183342,13.365920066833496
6068334635,0,128.12405395507812,114.46627807617188,127.98499298095703,95.13351440429688,127.95531463623047,87.92350769042969,127.91645812988281,84.08782196044922,0.0034523678477853537,3.5184030532836914,-0.0007666611927561462,6.793026924133301,-0.003316478803753853,10.049959182739258,-0.008167831227183342,13.365920066833496
6093334635,0,127.89321899414062,114.63768768310547,127.75581359863281,95.20988464355469,127.70295715332031,87.9519271850586,127.64669799804688,84.12579345703125,-0.002959722653031349,3.502650499343872,-0.012433663941919804,6.7693586349487305,-0.02200678363442421,10.031341552734375,-0.03443392738699913,13.322813034057617
6118334636,0,127.89321899414062,114.63768768310547,127.75581359863281,95.20988464355469,127.70295715332031,87.9519271850586,127.64669799804688,84.12579345703125,-0.002959722653031349,3.502650499343872,-0.012433663941919804,6.7693586349487305,-0.02200678363442421,10.031341552734375,-0.03443392738699913,13.322813034057617
6143334636,0,127.89321899414062,114.63768768310547,127.75581359863281,95.20988464355469,127.70295715332031,87.9519271850586,127.64669799804688,84.12579345703125,-0.002959722653031349,3.502650499343872,-0.012433663941919804,6.7693586349487305,-0.02200678363442421,10.031341552734375,-0.03443392738699913,13.322813034057617
6168334636,0,127.89321899414062,114.63768768310547,127.75581359863281,95.20988464355469,127.70295715332031,87.9519271850586,127.64669799804688,84.12579345703125,-0.002959722653031349,3.502650499343872,-0.012433663941919804,6.7693586349487305,-0.02200678363442421,10.031341552734375,-0.03443392738699913,13.322813034057617
6193334637,0,127.72241973876953,114.56073760986328,127.53295135498047,95.18817138671875,127.45387268066406,87.91913604736328,127.38763427734375,84.07543182373047,-0.007707793731242418,3.509706497192383,-0.023803796619176865,6.776072025299072,-0.04054385423660278,10.052827835083008,-0.059932008385658264,13.380044937133789
6218334637,0,127.72241973876953,114.56073760986328,127.53295135498047,95.18817138671875,127.45387268066406,87.91913604736328,127.38763427734375,84.07543182373047,-0.007707793731242418,3.509706497192383,-0.023803796619176865,6.776072025299072,-0.04054385423660278,10.052827835083008,-0.059932008385658264,13.380044937133789
6243334637,0,127.72241973876953,114.56073760986328,127.53295135498047,95.18817138671875,127.45387268066406,87.91913604736328,127.38763427734375,84.07543182373047,-0.007707793731242418,3.509706497192383,-0.023803796619176865,6.776072025299072,-0.04054385423660278,10.052827835083008,-0.059932008385658264,13.380044937133789
6268334638,0,127.72241973876953,114.56073760986328,127.53295135498047,95.18817138671875,127.45387268066406,87.91913604736328,127.38763427734375,84.07543182373047,-0.007707793731242418,3.509706497192383,-0.023803796619176865,6.776072025299072,-0.04054385423660278,10.052827835083008,-0.059932008385658264,13.380044937133789
6293334638,0,127.67507934570312,115.06158447265625,127.42695617675781,95.3463363647461,127.35552978515625,88.01862335205078,127.30803680419922,84.17333221435547,-0.00891739409416914,3.464232921600342,-0.029008129611611366,6.727456092834473,-0.04754756763577461,9.987909317016602,-0.06717755645513535,13.269224166870117
6318334639,0,127.67507934570312,115.06158447265625,127.42695617675781,95.3463363647461,127.35552978515625,88.01862335205078,127.30803680419922,84.17333221435547,-0.00891739409416914,3.464232921600342,-0.029008129611611366,6.727456092834473,-0.04754756763577461,9.987909317016602,-0.06717755645513535,13.269224166870117
6343334639,0,127.67507934570312,115.06158447265625,127.42695617675781,95.3463363647461,127.35552978515625,88.01862335205078,127.30803680419922,84.17333221435547,-0.00891739409416914,3.464232921600342,-0.029008129611611366,6.727456092834473,-0.04754756763577461,9.987909317016602,-0.06717755645513535,13.269224166870117
6368334639,0,127.67507934570312,115.06158447265625,127.42695617675781,95.3463363647461,127.35552978515625,88.01862335205078,127.30803680419922,84.17333221435547,-0.00891739409416914,3.464232921600342,-0.029008129611611366,6.727456092834473,-0.04754756763577461,9.987909317016602,-0.06717755645513535,13.269224166870117
6393334640,0,127.97579193115234,114.55683135986328,127.89153289794922,95.17831420898438,127.8886947631836,87.94477844238281,127.869873046875,84.10035705566406,-0.0006722664693370461,3.5100650787353516,-0.005530530586838722,6.779123783111572,-0.00824988167732954,10.036018371582031,-0.012709244154393673,13.35166072845459
6418334640,0,127.97579193115234,114.55683135986328,127.89153289794922,95.17831420898438,127.8886947631836,87.94477844238281,127.869873046875,84.10035705566406,-0.0006722664693370461,3.5100650787353516,-0.005530530586838722,6.779123783111572,-0.00824988167732954,10.036018371582031,-0.012709244154393673,13.35166072845459
6443334640,0,127.97579193115234,114.55683135986328,127.89153289794922,95.17831420898438,127.8886947631836,87.94477844238281,127.869873046875,84.10035705566406,-0.0006722664693370461,3.5100650787353516,-0.005530530586838722,6.779123783111572,-0.00824988167732954,10.036018371582031,-0.012709244154393673,13.35166072845459
6468334641,0,127.97579193115234,114.55683135986328,127.89153289794922,95.17831420898438,127.8886947631836,87.94477844238281,127.869873046875,84.10035705566406,-0.0006722664693370461,3.5100650787353516,-0.005530530586838722,6.779123783111572,-0.00824988167732954,10.036018371582031,-0.012709244154393673,13.35166072845459
6493334641,0,128.00047302246094,114.66504669189453,128.02182006835938,95.22557067871094,128.0279541015625,87.98406219482422,127.98493957519531,84.13873291015625,1.3102681805321481e-05,3.500147819519043,0.0011103000724688172,6.764516830444336,0.002066850196570158,10.010369300842285,-0.001466271816752851,13.308184623718262
6518334642,0,128.00047302246094,114.66504669189453,128.02182006835938,95.22557067871094,128.0279541015625,87.98406219482422,127.98493957519531,84.13873291015625,1.3102681805321481e-05,3.500147819519043,0.0011103000724688172,6.764516830444336,0.002066850196570158,10.010369300842285,-0.001466271816752851,13.308184623718262
6543334642,0,128.00047302246094,114.66504669189453,128.02182006835938,95.22557067871094,128.0279541015625,87.98406219482422,127.98493957519531,84.13873291015625,1.3102681805321481e-05,3.500147819519043,0.0011103000724688172,6.764516830444336,0.002066850196570158,10.010369300842285,-0.001466271816752851,13.308184623718262
6568334642,0,128.00047302246094,114.66504669189453,128.02182006835938,95.22557067871094,128.0279541015625,87.98406219482422,127.98493957519531,84.13873291015625,1.3102681805321481e-05,3.500147819519043,0.0011103000724688172,6.764516830444336,0.002066850196570158,10.010369300842285,-0.001466271816752851,13.308184623718262
6593334643,0,128.39878845214844,115.09098815917969,128.4625701904297,95.48876953125,128.43087768554688,88.16831970214844,128.31626892089844,84.30801391601562,0.010937215760350227,3.4615962505340576,0.02327384054660797,6.684236526489258,0.0314948670566082,9.891731262207031,0.030368207022547722,13.119646072387695
6618334643,0,128.39878845214844,115.09098815917969,128.4625701904297,95.48876953125,128.43087768554688,88.16831970214844,128.31626892089844,84.30801391601562,0.010937215760350227,3.4615962505340576,0.02327384054660797,6.684236526489258,0.0314948670566082,9.891731262207031,0.030368207022547722,13.119646072387695
6643334643,0,128.39878845214844,115.09098815917969,128.4625701904297,95.48876953125,128.43087768554688,88.16831970214844,128.31626892089844,84.30801391601562,0.010937215760350227,3.4615962505340576,0.02327384054660797,6.684236526489258,0.0314948670566082,9.891731262207031,0.030368207022547722,13.119646072387695
6668334644,0,128.39878845214844,115.09098815917969,128.4625701904297,95.48876953125,128.43087768554688,88.16831970214844,128.31626892089844,84.30801391601562,0.010937215760350227,3.4615962505340576,0.02327384054660797,6.684236526489258,0.0314948670566082,9.891731262207031,0.030368207022547722,13.119646072387695
6693334644,0,128.27285766601562,116.7977294921875,128.29336547851562,96.58235168457031,128.23097229003906,88.94107055664062,128.0831298828125,84.96380615234375,0.007198314182460308,3.3144736289978027,0.014103802852332592,6.369083404541016,0.01611275225877762,9.422284126281738,0.007578360848128796,12.435736656188965
6718334645,0,128.27285766601562,116.7977294921875,128.29336547851562,96.58235168457031,128.23097229003906,88.94107055664062,128.0831298828125,84.96380615234375,0.007198314182460308,3.3144736289978027,0.014103802852332592,6.369083404541016,0.01611275225877762,9.422284126281738,0.007578360848128796,12.435736656188965
6743334645,0,128.27285766601562,116.7977294921875,128.29336547851562,96.58235168457031,128.23097229003906,88.94107055664062,128.0831298828125,84.96380615234375,0.007198314182460308,3.3144736289978027,0.014103802852332592,6.369083404541016,0.01611275225877762,9.422284126281738,0.007578360848128796,12.435736656188965
6768334645,0,128.27285766601562,116.7977294921875,128.29336547851562,96.58235168457031,128.23097229003906,88.94107055664062,128.0831298828125,84.96380615234375,0.007198314182460308,3.3144736289978027,0.014103802852332592,6.369083404541016,0.01611275225877762,9.422284126281738,0.007578360848128796,12.435736656188965
6793334646,0,128.051025390625,117.93987274169922,127.98744201660156,96.85326385498047,127.89551544189453,89.03773498535156,127.75767517089844,85.00547790527344,0.001312644686549902,3.22212553024292,-0.0005971550126560032,6.295297145843506,-0.00724754435941577,9.366556167602539,-0.02202025055885315,12.394608497619629
6818334646,0,128.051025390625,117.93987274169922,127.98744201660156,96.85326385498047,127.89551544189453,89.03773498535156,127.75767517089844,85.00547790527344,0.001312644686549902,3.22212553024292,-0.0005971550126560032,6.295297145843506,-0.00724754435941577,9.366556167602539,-0.02202025055885315,12.394608497619629
6843334646,0,128.051025390625,117.93987274169922,127.98744201660156,96.85326385498047,127.89551544189453,89.03773498535156,127.75767517089844,85.00547790527344,0.001312644686549902,3.22212553024292,-0.0005971550126560032,6.295297145843506,-0.00724754435941577,9.366556167602539,-0.02202025055885315,12.394608497619629
6868334647,0,128.051025390625,117.93987274169922,127.98744201660156,96.85326385498047,127.89551544189453,89.03773498535156,127.75767517089844,85.00547790527344,0.001312644686549902,3.22212553024292,-0.0005971550126560032,6.295297145843506,-0.00724754435941577,9.366556167602539,-0.02202025055885315,12.394608497619629
6893334647,0,128.17518615722656,119.08551025390625,127.9050521850586,97.3484115600586,127.76016998291016,89.39484405517578,127.60995483398438,85.2718734741211,0.004397067707031965,3.133995771408081,-0.004426748491823673,6.164513111114502,-0.016294222325086594,9.16605281829834,-0.034732282161712646,12.137792587280273
6918334648,0,128.17518615722656,119.08551025390625,127.9050521850586,97.3484115600586,127.76016998291016,89.39484405517578,127.60995483398438,85.2718734741211,0.004397067707031965,3.133995771408081,-0.004426748491823673,6.164513111114502,-0.016294222325086594,9.16605281829834,-0.034732282161712646,12.137792587280273
6943334648,0,128.17518615722656,119.08551025390625,127.9050521850586,97.3484115600586,127.76016998291016,89.39484405517578,127.60995483398438,85.2718734741211,0.004397067707031965,3.133995771408081,-0.004426748491823673,6.164513111114502,-0.016294222325086594,9.16605281829834,-0.034732282161712646,12.137792587280273
6968334648,0,128.17518615722656,119.08551025390625,127.9050521850586,97.3484115600586,127.76016998291016,89.39484405517578,127.60995483398438,85.2718734741211,0.004397067707031965,3.133995771408081,-0.004426748491823673,6.164513111114502,-0.016294222325086594,9.16605281829834,-0.034732282161712646,12.137792587280273
6993334649,0,127.81573486328125,120.218505859375,127.33890533447266,97.7241439819336,127.15613555908203,89.5158462524414,127.03099822998047,85.34336853027344,-0.004516271874308586,3.050956964492798,-0.030371997505426407,6.068630695343018,-0.056936684995889664,9.099968910217285,-0.08582419157028198,12.070613861083984
7018334649,0,127.81573486328125,120.218505859375,127.33890533447266,97.7241439819336,127.15613555908203,89.5158462524414,127.03099822998047,85.34336853027344,-0.004516271874308586,3.050956964492798,-0.030371997505426407,6.068630695343018,-0.056936684995889664,9.099968910217285,-0.08582419157028198,12.070613861083984
7043334649,0,127.81573486328125,120.218505859375,127.33890533447266,97.7241439819336,127.15613555908203,89.5158462524414,127.03099822998047,85.34336853027344,-0.004516271874308586,3.050956964492798,-0.030371997505426407,6.068630695343018,-0.056936684995889664,9.099968910217285,-0.08582419157028198,12.070613861083984
7068334650,0,127.81573486328125,120.218505859375,127.33890533447266,97.7241439819336,127.15613555908203,89.5158462524414,127.03099822998047,85.34336853027344,-0.004516271874308586,3.050956964492798,-0.030371997505426407,6.068630695343018,-0.056936684995889664,9.099968910217285,-0.08582419157028198,12.070613861083984
7093334650,0,127.95621490478516,121.48348999023438,127.38972473144531,98.4741439819336,127.16053009033203,90.0971450805664,126.99299621582031,85.77276611328125,-0.0010457229800522327,2.962737560272217,-0.02724296972155571,5.885377407073975,-0.054820846766233444,8.794820785522461,-0.0864093229174614,11.681814193725586
7118334650,0,127.95621490478516,121.48348999023438,127.38972473144531,98.4741439819336,127.16053009033203,90.0971450805664,126.99299621582031,85.77276611328125,-0.0010457229800522327,2.962737560272217,-0.02724296972155571,5.885377407073975,-0.054820846766233444,8.794820785522461,-0.0864093229174614,11.681814193725586
7143334651,0,127.95621490478516,121.48348999023438,127.38972473144531,98.4741439819336,127.16053009033203,90.0971450805664,126.99299621582031,85.77276611328125,-0.0010457229800522327,2.962737560272217,-0.02724296972155571,5.885377407073975,-0.054820846766233444,8.794820785522461,-0.0864093229174614,11.681814193725586
7168334651,0,127.95621490478516,121.48348999023438,127.38972473144531,98.4741439819336,127.16053009033203,90.0971450805664,126.99299621582031,85.77276611328125,-0.0010457229800522327,2.962737560272217,-0.02724296972155571,5.885377407073975,-0.054820846766233444,8.794820785522461,-0.0864093229174614,11.681814193725586
7193334652,0,127.90155029296875,123.35594940185547,127.38359069824219,99.35588073730469,127.22105407714844,90.59750366210938,127.14476013183594,86.06260681152344,-0.002265553455799818,2.8401308059692383,-0.026629874482750893,5.68278694152832,-0.049499787390232086,8.54743766784668,-0.07187414914369583,11.432798385620117
7218334652,0,127.90155029296875,123.35594940185547,127.38359069824219,99.35588073730469,127.22105407714844,90.59750366210938,127.14476013183594,86.06260681152344,-0.002265553455799818,2.8401308059692383,-0.026629874482750893,5.68278694152832,-0.049499787390232086,8.54743766784668,-0.07187414914369583,11.432798385620117
7243334652,0,127.90155029296875,123.35594940185547,127.38359069824219,99.35588073730469,127.22105407714844,90.59750366210938,127.14476013183594,86.06260681152344,-0.002265553455799818,2.8401308059692383,-0.026629874482750893,5.68278694152832,-0.049499787390232086,8.54743766784668,-0.07187414914369583,11.432798385620117
7268334653,0,127.90155029296875,123.35594940185547,127.38359069824219,99.35588073730469,127.22105407714844,90.59750366210938,127.14476013183594,86.06260681152344,-0.002265553455799818,2.8401308059692383,-0.026629874482750893,5.68278694152832,-0.049499787390232086,8.54743766784668,-0.07187414914369583,11.432798385620117
7293334653,0,128.2424774169922,126.2303695678711,127.47761535644531,101.60482788085938,127.29084777832031,92.25860595703125,127.21841430664062,87.36312866210938,0.005284201819449663,2.668391227722168,-0.020853474736213684,5.220704078674316,-0.04136952757835388,7.813792705535889,-0.06012396514415741,10.431127548217773
7318334653,0,128.2424774169922,126.2303695678711,127.47761535644531,101.60482788085938,127.29084777832031,92.25860595703125,127.21841430664062,87.36312866210938,0.005284201819449663,2.668391227722168,-0.020853474736213684,5.220704078674316,-0.04136952757835388,7.813792705535889,-0.06012396514415741,10.431127548217773
7343334654,0,128.2424774169922,126.2303695678711,127.47761535644531,101.60482788085938,127.29084777832031,92.25860595703125,127.21841430664062,87.36312866210938,0.005284201819449663,2.668391227722168,-0.020853474736213684,5.220704078674316,-0.04136952757835388,7.813792705535889,-0.06012396514415741,10.431127548217773
7368334654,0,128.2424774169922,126.2303695678711,127.47761535644531,101.60482788085938,127.29084777832031,92.25860595703125,127.21841430664062,87.36312866210938,0.005284201819449663,2.668391227722168,-0.020853474736213684,5.220704078674316,-0.04136952757835388,7.813792705535889,-0.06012396514415741,10.431127548217773
7393334655,0,129.24740600585938,132.18545532226562,128.18185424804688,104.68973541259766,127.89917755126953,94.6001968383789,127.89190673828125,89.10413360595703,0.024494407698512077,2.3647875785827637,0.006574499420821667,4.690282821655273,-0.005272246431559324,6.962767601013184,-0.007468754891306162,9.328642845153809
7418334655,0,129.24740600585938,132.18545532226562,128.18185424804688,104.68973541259766,127.89917755126953,94.6001968383789,127.89190673828125,89.10413360595703,0.024494407698512077,2.3647875785827637,0.006574499420821667,4.690282821655273,-0.005272246431559324,6.962767601013184,-0.007468754891306162,9.328642845153809
7443334655,0,129.24740600585938,132.18545532226562,128.18185424804688,104.68973541259766,127.89917755126953,94.6001968383789,127.89190673828125,89.10413360595703,0.024494407698512077,2.3647875785827637,0.006574499420821667,4.690282821655273,-0.005272246431559324,6.962767601013184,-0.007468754891306162,9.328642845153809
7468334656,0,129.24740600585938,132.18545532226562,128.18185424804688,104.68973541259766,127.89917755126953,94.6001968383789,127.89190673828125,89.10413360595703,0.024494407698512077,2.3647875785827637,0.006574499420821667,4.690282821655273,-0.005272246431559324,6.962767601013184,-0.007468754891306162,9.328642845153809
7493334656,0,126.28608703613281,138.98779296875,127.51649475097656,109.58649444580078,127.22869873046875,97.86560821533203,127.23616027832031,91.67459106445312,-0.03023735247552395,2.0840344429016113,-0.015202673152089119,4.027121543884277,-0.03524130582809448,6.033252716064453,-0.045882511883974075,8.057609558105469
7518334656,0,126.28608703613281,138.98779296875,127.51649475097656,109.58649444580078,127.22869873046875,97.86560821533203,127.23616027832031,91.67459106445312,-0.03023735247552395,2.0840344429016113,-0.015202673152089119,4.027121543884277,-0.03524130582809448,6.033252716064453,-0.045882511883974075,8.057609558105469
7543334657,0,126.28608703613281,138.98779296875,127.51649475097656,109.58649444580078,127.22869873046875,97.86560821533203,127.23616027832031,91.67459106445312,-0.03023735247552395,2.0840344429016113,-0.015202673152089119,4.027121543884277,-0.03524130582809448,6.033252716064453,-0.045882511883974075,8.057609558105469
7568334657,0,126.28608703613281,138.98779296875,127.51649475097656,109.58649444580078,127.22869873046875,97.86560821533203,127.23616027832031,91.67459106445312,-0.03023735247552395,2.0840344429016113,-0.015202673152089119,4.027121543884277,-0.03524130582809448,6.033252716064453,-0.045882511883974075,8.057609558105469
7593334658,0,125.93828582763672,140.29017639160156,126.5960464477539,123.10023498535156,126.64619445800781,107.85022735595703,126.7363510131836,101.52383422851562,-0.03567967191338539,2.036660671234131,-0.032469864934682846,2.8563449382781982,-0.04462878033518791,4.241532325744629,-0.050582971423864365,5.236124038696289
7618334658,0,125.93828582763672,140.29017639160156,126.5960464477539,123.10023498535156,126.64619445800781,107.85022735595703,126.7363510131836,101.52383422851562,-0.03567967191338539,2.036660671234131,-0.032469864934682846,2.8563449382781982,-0.04462878033518791,4.241532325744629,-0.050582971423864365,5.236124038696289
7643334658,0,125.93828582763672,140.29017639160156,126.5960464477539,123.10023498535156,126.64619445800781,107.85022735595703,126.7363510131836,101.52383422851562,-0.03567967191338539,2.036660671234131,-0.032469864934682846,2.8563449382781982,-0.04462878033518791,4.241532325744629,-0.050582971423864365,5.236124038696289
7668334659,0,125.93828582763672,140.29017639160156,126.5960464477539,123.10023498535156,126.64619445800781,107.85022735595703,126.7363510131836,101.52383422851562,-0.03567967191338539,2.036660671234131,-0.032469864934682846,2.8563449382781982,-0.04462878033518791,4.241532325744629,-0.050582971423864365,5.236124038696289
7693334659,0,125.05509948730469,140.3157196044922,126.09561157226562,132.35989379882812,126.47228240966797,120.31622314453125,126.82992553710938,112.1454849243164,-0.050944894552230835,2.035749673843384,-0.03728702291846275,2.356797218322754,-0.03736807778477669,3.043977737426758,-0.03444509953260422,3.7449240684509277
7718334659,0,125.05509948730469,140.3157196044922,126.09561157226562,132.35989379882812,126.47228240966797,120.31622314453125,126.82992553710938,112.1454849243164,-0.050944894552230835,2.035749673843384,-0.03728702291846275,2.356797218322754,-0.03736807778477669,3.043977737426758,-0.03444509953260422,3.7449240684509277
7743334660,0,125.05509948730469,140.3157196044922,126.09561157226562,132.35989379882812,126.47228240966797,120.31622314453125,126.82992553710938,112.1454849243164,-0.050944894552230835,2.035749673843384,-0.03728702291846275,2.356797218322754,-0.03736807778477669,3.043977737426758,-0.03444509953260422,3.7449240684509277
7768334660,0,125.05509948730469,140.3157196044922,126.09561157226562,132.35989379882812,126.47228240966797,120.31622314453125,126.82992553710938,112.1454849243164,-0.050944894552230835,2.035749673843384,-0.03728702291846275,2.356797218322754,-0.03736807778477669,3.043977737426758,-0.03444509953260422,3.7449240684509277
7793334661,0,130.2434539794922,140.66624450683594,127.72281646728516,140.2295684814453,126.41761016845703,138.07847595214844,126.24923706054688,120.27261352539062,0.03861219808459282,2.023315668106079,-0.004801151808351278,2.038825035095215,-0.028301149606704712,2.118217706680298,-0.04286246746778488,3.047088861465454
7818334661,0,130.2434539794922,140.66624450683594,127.72281646728516,140.2295684814453,126.41761016845703,138.07847595214844,126.24923706054688,120.27261352539062,0.03861219808459282,2.023315668106079,-0.004801151808351278,2.038825035095215,-0.028301149606704712,2.118217706680298,-0.04286246746778488,3.047088861465454
7843334661,0,130.2434539794922,140.66624450683594,127.72281646728516,140.2295684814453,126.41761016845703,138.07847595214844,126.24923706054688,120.27261352539062,0.03861219808459282,2.023315668106079,-0.004801151808351278,2.038825035095215,-0.028301149606704712,2.118217706680298,-0.04286246746778488,3.047088861465454
7868334662,0,130.2434539794922,140.66624450683594,127.72281646728516,140.2295684814453,126.41761016845703,138.07847595214844,126.24923706054688,120.27261352539062,0.03861219808459282,2.023315668106079,-0.004801151808351278,2.038825035095215,-0.028301149606704712,2.118217706680298,-0.04286246746778488,3.047088861465454
7893334662,0,131.28076171875,140.7600860595703,128.53245544433594,140.5475311279297,127.2228012084961,140.42247009277344,127.81336212158203,139.86264038085938,0.056388288736343384,2.0200083255767822,0.009179987944662571,2.027512550354004,-0.013424064964056015,2.031949520111084,-0.003250272013247013,2.052011728286743
7918334662,0,131.28076171875,140.7600860595703,128.53245544433594,140.5475311279297,127.2228012084961,140.42247009277344,127.81336212158203,139.86264038085938,0.056388288736343384,2.0200083255767822,0.009179987944662571,2.027512550354004,-0.013424064964056015,2.031949520111084,-0.003250272013247013,2.052011728286743
7943334663,0,131.28076171875,140.7600860595703,128.53245544433594,140.5475311279297,127.2228012084961,140.42247009277344,127.81336212158203,139.86264038085938,0.056388288736343384,2.0200083255767822,0.009179987944662571,2.027512550354004,-0.013424064964056015,2.031949520111084,-0.003250272013247013,2.052011728286743
7968334663,0,131.28076171875,140.7600860595703,128.53245544433594,140.5475311279297,127.2228012084961,140.42247009277344,127.81336212158203,139.86264038085938,0.056388288736343384,2.0200083255767822,0.009179987944662571,2.027512550354004,-0.013424064964056015,2.031949520111084,-0.003250272013247013,2.052011728286743
7993334664,0,128.1528778076172,140.8289794921875,128.13409423828125,140.70936584472656,128.05014038085938,140.66644287109375,128.11972045898438,140.63963317871094,0.002624966436997056,2.0175862312316895,0.0023064541164785624,2.0217947959899902,0.0008629660587757826,2.023308753967285,0.0020613132510334253,2.0242550373077393
8018334664,0,128.1528778076172,140.8289794921875,128.13409423828125,140.70936584472656,128.05014038085938,140.66644287109375,128.11972045898438,140.63963317871094,0.002624966436997056,2.0175862312316895,0.0023064541164785624,2.0217947959899902,0.0008629660587757826,2.023308753967285,0.0020613132510334253,2.0242550373077393
8043334664,0,128.1528778076172,140.8289794921875,128.13409423828125,140.70936584472656,128.05014038085938,140.66644287109375,128.11972045898438,140.63963317871094,0.002624966436997056,2.0175862312316895,0.0023064541164785624,2.0217947959899902,0.0008629660587757826,2.023308753967285,0.0020613132510334253,2.0242550373077393
8068334665,0,128.1528778076172,140.8289794921875,128.13409423828125,140.70936584472656,128.05014038085938,140.66644287109375,128.11972045898438,140.63963317871094,0.002624966436997056,2.0175862312316895,0.0023064541164785624,2.0217947959899902,0.0008629660587757826,2.023308753967285,0.0020613132510334253,2.0242550373077393
8093334665,0,128.0915069580078,140.8447723388672,128.2002716064453,140.7387237548828,128.2390899658203,140.703857421875,128.24685668945312,140.68418884277344,0.001570846769027412,2.017031669616699,0.003443250199779868,2.0207605361938477,0.004112736321985722,2.021988868713379,0.004247552715241909,2.0226826667785645
8118334665,0,128.0915069580078,140.8447723388672,128.2002716064453,140.7387237548828,128.2390899658203,140.703857421875,128.24685668945312,140.68418884277344,0.001570846769027412,2.017031669616699,0.003443250199779868,2.0207605361938477,0.004112736321985722,2.021988868713379,0.004247552715241909,2.0226826667785645
8143334666,0,128.0915069580078,140.8447723388672,128.2002716064453,140.7387237548828,128.2390899658203,140.703857421875,128.24685668945312,140.68418884277344,0.001570846769027412,2.017031669616699,0.003443250199779868,2.0207605361938477,0.004112736321985722,2.021988868713379,0.004247552715241909,2.0226826667785645
8168334666,0,128.0915069580078,140.8447723388672,128.2002716064453,140.7387237548828,128.2390899658203,140.703857421875,128.24685668945312,140.68418884277344,0.001570846769027412,2.017031669616699,0.003443250199779868,2.0207605361938477,0.004112736321985722,2.021988868713379,0.004247552715241909,2.0226826667785645
8193334667,0,128.1730194091797,140.8346710205078,128.20718383789062,140.7237548828125,128.22825622558594,140.68695068359375,128.2432403564453,140.6662139892578,0.0029705592896789312,2.0173861980438232,0.0035628671757876873,2.021287679672241,0.003927344921976328,2.022585153579712,0.004186423495411873,2.0233168601989746
8218334667,0,128.1730194091797,140.8346710205078,128.20718383789062,140.7237548828125,128.22825622558594,140.68695068359375,128.2432403564453,140.6662139892578,0.0029705592896789312,2.0173861980438232,0.0035628671757876873,2.021287679672241,0.003927344921976328,2.022585153579712,0.004186423495411873,2.0233168601989746
8243334667,0,128.1730194091797,140.8346710205078,128.20718383789062,140.7237548828125,128.22825622558594,140.68695068359375,128.2432403564453,140.6662139892578,0.0029705592896789312,2.0173861980438232,0.0035628671757876873,2.021287679672241,0.003927344921976328,2.022585153579712,0.004186423495411873,2.0233168601989746
8268334668,0,128.1730194091797,140.8346710205078,128.20718383789062,140.7237548828125,128.22825622558594,140.68695068359375,128.2432403564453,140.6662139892578,0.0029705592896789312,2.0173861980438232,0.0035628671757876873,2.021287679672241,0.003927344921976328,2.022585153579712,0.004186423495411873,2.0233168601989746
8293334668,0,128.1250457763672,140.837646484375,128.18646240234375,140.72915649414062,128.22718811035156,140.69383239746094,128.24241638183594,140.674072265625,0.002146810060366988,2.0172817707061768,0.0032062758691608906,2.021097421646118,0.003908575512468815,2.0223424434661865,0.0041717649437487125,2.0230395793914795
8318334668,0,128.1250457763672,140.837646484375,128.18646240234375,140.72915649414062,128.22718811035156,140.69383239746094,128.24241638183594,140.674072265625,0.002146810060366988,2.0172817707061768,0.0032062758691608906,2.021097421646118,0.003908575512468815,2.0223424434661865,0.0041717649437487125,2.0230395793914795
8343334669,0,128.1250457763672,140.837646484375,128.18646240234375,140.72915649414062,128.22718811035156,140.69383239746094,128.24241638183594,140.674072265625,0.002146810060366988,2.0172817707061768,0.0032062758691608906,2.021097421646118,0.003908575512468815,2.0223424434661865,0.0041717649437487125,2.0230395793914795
8368334669,0,128.1250457763672,140.837646484375,128.18646240234375,140.72915649414062,128.22718811035156,140.69383239746094,128.24241638183594,140.674072265625,0.002146810060366988,2.0172817707061768,0.0032062758691608906,2.021097421646118,0.003908575512468815,2.0223424434661865,0.0041717649437487125,2.0230395793914795
