ts,agent_id,cvip,cvip_x,cvip_y,cvip_z
2049400929,0,501.73173946061297,192.7955780029297,-49.17184829711914,-499.8193664550781
2074400929,0,501.7256267911065,192.7955780029297,-49.17184829711914,-499.86065673828125
2099400930,0,501.7195360262101,192.7955780029297,-49.17184829711914,-499.9080810546875
2124400930,0,501.71346877084034,192.7955780029297,-49.17184829711914,-499.9616394042969
2149400930,0,501.70736567264106,192.7955780029297,-49.17184829711914,-500.0212707519531
2174400931,0,501.70125863684973,192.7955780029297,-49.17184829711914,-500.0870056152344
2199400931,0,501.6951492683879,192.7955780029297,-49.17184829711914,-500.1588439941406
2224400931,0,501.6928437404478,192.7955780029297,-49.17184829711914,-500.2367858886719
2249400932,0,501.72048524416147,192.7955780029297,-49.17184829711914,-500.3208923339844
2274400932,0,501.7752726548415,192.7955780029297,-49.17184829711914,-500.41107177734375
2299400933,0,501.85097079713273,192.7955780029297,-49.17184829711914,-500.50738525390625
2324400933,0,501.9428884527593,192.7955780029297,-49.17184829711914,-500.6097412109375
2349400933,0,502.04933068205287,192.7955780029297,-49.17184829711914,-500.7182312011719
2374400934,0,502.1659934816094,192.7955780029297,-49.17184829711914,-500.8327941894531
2399400934,0,502.2909289207777,192.7955780029297,-49.17184829711914,-500.9534606933594
2424400934,0,502.42313258882734,192.7955780029297,-49.17184829711914,-501.0802307128906
2449400935,0,502.5618907012935,192.7955780029297,-49.17184829711914,-501.21307373046875
2474400935,0,502.70678140203097,192.7955780029297,-49.17184829711914,-501.3520202636719
2499400936,0,502.85751798713363,192.7955780029297,-49.17184829711914,-501.4970703125
2524400936,0,503.0139003068777,192.7955780029297,-49.17184829711914,-501.648193359375
2549400936,0,503.1758678171257,192.7955780029297,-49.17184829711914,-501.805419921875
2574400937,0,503.3433860078986,192.7955780029297,-49.17184829711914,-501.96875
2599400937,0,503.5163349408858,192.7955780029297,-49.17184829711914,-502.1380615234375
2624400937,0,503.6948878928654,192.7955780029297,-49.17184829711914,-502.3135070800781
2649400938,0,503.8790217467821,192.7955780029297,-49.17184829711914,-502.4950256347656
2674400938,0,504.06881089076256,192.7955780029297,-49.17184829711914,-502.6826477050781
2699400939,0,504.2642695940783,192.7955780029297,-49.17184829711914,-502.8763427734375
2724400939,0,504.4654437865724,192.7955780029297,-49.17184829711914,-503.07611083984375
2749400939,0,504.6723766849897,192.7955780029297,-49.17184829711914,-503.2819519042969
2774400940,0,504.88510887282865,192.7955780029297,-49.17184829711914,-503.4938659667969
2799400940,0,505.1036753708235,192.7955780029297,-49.17184829711914,-503.71185302734375
2824400940,0,505.32807872133577,192.7955780029297,-49.17184829711914,-503.9358825683594
2849400941,0,505.5584082562455,192.7955780029297,-49.17184829711914,-504.166015625
2874400941,0,505.7946583472981,192.7955780029297,-49.17184829711914,-504.4022216796875
2899400942,0,506.03678966412747,192.7955780029297,-49.17184829711914,-504.6444396972656
2924400942,0,506.2849120862436,192.7955780029297,-49.17184829711914,-504.89276123046875
2949400942,0,506.5389804656213,192.7955780029297,-49.17184829711914,-505.1471252441406
2974400943,0,506.7990387457477,192.7955780029297,-49.17184829711914,-505.4075622558594
2999400943,0,507.06506773362304,192.7955780029297,-49.17184829711914,-505.6740417480469
3024400943,0,507.33710757067473,192.7955780029297,-49.17184829711914,-505.94659423828125
3049400944,0,507.6151661841424,192.7955780029297,-49.17184829711914,-506.2252197265625
3074400944,0,507.8991895675885,192.7955780029297,-49.17184829711914,-506.5098571777344
3099400945,0,508.1892441629292,192.7955780029297,-49.17184829711914,-506.8005676269531
3124400945,0,508.4853041836345,192.7955780029297,-49.17184829711914,-507.0973205566406
3149400945,0,508.7874041220793,192.7955780029297,-49.17184829711914,-507.400146484375
3174400946,0,509.0955167519868,192.7955780029297,-49.17184829711914,-507.7090148925781
3199400946,0,509.40961420861674,192.7955780029297,-49.17184829711914,-508.0238952636719
3224400946,0,509.72979080328247,192.7955780029297,-49.17184829711914,-508.3448791503906
3249400947,0,510.055925305147,192.7955780029297,-49.17184829711914,-508.671875
3274400947,0,510.38809559838865,192.7955780029297,-49.17184829711914,-509.0049133300781
3299400947,0,510.72632643256634,192.7955780029297,-49.17184829711914,-509.3440246582031
3324400948,0,511.0705248822695,192.7955780029297,-49.17184829711914,-509.6891174316406
3349400948,0,511.4207509767444,192.7955780029297,-49.17184829711914,-510.0402526855469
3374400949,0,511.77703452515544,192.7955780029297,-49.17184829711914,-510.3974609375
3399400949,0,512.1393143415073,192.7955780029297,-49.17184829711914,-510.76068115234375
3424400949,0,512.507620812451,192.7955780029297,-49.17184829711914,-511.12994384765625
3449400950,0,512.8819234840527,192.7955780029297,-49.17184829711914,-511.5052185058594
3474400950,0,513.2622833795501,192.7955780029297,-49.17184829711914,-511.8865661621094
3499400950,0,513.6485788519743,192.7955780029297,-49.17184829711914,-512.2738647460938
3524400951,0,514.0409926334268,192.7955780029297,-49.17184829711914,-512.6672973632812
3549400951,0,514.4393727924966,192.7955780029297,-49.17184829711914,-513.0667114257812
3574400952,0,514.8437195539931,192.7955780029297,-49.17184829711914,-513.4721069335938
3599400952,0,515.2541548116028,192.7955780029297,-49.17184829711914,-513.8836059570312
3624400952,0,515.6704960468511,192.7955780029297,-49.17184829711914,-514.301025390625
3649400953,0,516.0929261550956,192.7955780029297,-49.17184829711914,-514.7245483398438
3674400953,0,516.521259793891,192.7955780029297,-49.17184829711914,-515.1539916992188
3699400953,0,516.9556845767744,192.7955780029297,-49.17184829711914,-515.5895385742188
3724400954,0,517.3960771539698,192.7955780029297,-49.17184829711914,-516.0310668945312
3749400954,0,517.842437822271,192.7955780029297,-49.17184829711914,-516.4785766601562
3774400955,0,518.29482742338,192.7955780029297,-49.17184829711914,-516.93212890625
3799400955,0,518.7532460333196,192.7955780029297,-49.17184829711914,-517.3917236328125
3824400955,0,519.2176328087081,192.7955780029297,-49.17184829711914,-517.8572998046875
3849400956,0,519.6880485940594,192.7955780029297,-49.17184829711914,-518.3289184570312
3874400956,0,520.1643718192965,192.7955780029297,-49.17184829711914,-518.8064575195312
3899400956,0,520.6467233738941,192.7955780029297,-49.17184829711914,-519.2900390625
3924400957,0,521.1351060756436,192.7955780029297,-49.17184829711914,-519.7796630859375
3949400957,0,521.629516578389,192.7955780029297,-49.17184829711914,-520.2753295898438
3974400958,0,522.129836206814,192.7955780029297,-49.17184829711914,-520.7769165039062
3999400958,0,522.6361842163819,192.7955780029297,-49.17184829711914,-521.2845458984375
4024400958,0,523.148440218719,192.7955780029297,-49.17184829711914,-521.798095703125
4049400959,0,523.6667882328228,192.7955780029297,-49.17184829711914,-522.3177490234375
4074400959,0,524.191043109563,192.7955780029297,-49.17184829711914,-522.8433227539062
4099400959,0,524.7212671059098,192.7955780029297,-49.17184829711914,-523.3748779296875
4124400960,0,525.2575211874388,192.7955780029297,-49.17184829711914,-523.9124755859375
4149400960,0,525.7996836722235,192.7955780029297,-49.17184829711914,-524.4559936523438
4174400961,0,526.3478764099166,192.7955780029297,-49.17184829711914,-525.0055541992188
4199400961,0,526.9020386020179,192.7955780029297,-49.17184829711914,-525.5610961914062
4224400961,0,527.4621703332624,192.7955780029297,-49.17184829711914,-526.1226196289062
4249400962,0,528.0282727181913,192.7955780029297,-49.17184829711914,-526.6901245117188
4274400962,0,528.6003437837223,192.7955780029297,-49.17184829711914,-527.2636108398438
4299400962,0,529.178384645257,192.7955780029297,-49.17184829711914,-527.8430786132812
4324400963,0,529.7623953892611,192.7955780029297,-49.17184829711914,-528.4285278320312
4349400963,0,530.3523761026031,192.7955780029297,-49.17184829711914,-529.0199584960938
4374400964,0,530.9483268725427,192.7955780029297,-49.17184829711914,-529.6173706054688
4399400964,0,531.5501875079119,192.7955780029297,-49.17184829711914,-530.220703125
4424400964,0,532.1575314245276,192.7955780029297,-49.17184829711914,-530.830078125
4449400965,0,532.7702148241611,192.7955780029297,-49.17184829711914,-531.4454345703125
4474400965,0,533.3882460392515,192.7955780029297,-49.17184829711914,-532.0667114257812
4499400965,0,534.0117383738768,192.7955780029297,-49.17184829711914,-532.6939697265625
4524400966,0,534.6406697156283,192.7955780029297,-49.17184829711914,-533.3271484375
4549400966,0,535.2751938451014,192.7955780029297,-49.17184829711914,-533.9663696289062
4574400966,0,535.9152769338164,192.7955780029297,-49.17184829711914,-534.611572265625
4599400967,0,536.5608191913958,192.7955780029297,-49.17184829711914,-535.2626342773438
4624400967,0,537.212024427987,192.7955780029297,-49.17184829711914,-535.9197387695312
4649400968,0,537.8688512228151,192.7955780029297,-49.17184829711914,-536.5828247070312
4674400968,0,538.5311957301454,192.7955780029297,-49.17184829711914,-537.2517700195312
4699400968,0,36.558408558045556,192.7955780029297,-49.17184829711914,0.09999999403953552
4724400969,0,36.47506045730286,192.7955780029297,-49.17184829711914,0.09540698677301407
4749400969,0,36.38687382411475,192.7955780029297,-49.17184829711914,0.08469131588935852
4774400969,0,36.29407709754933,192.7955780029297,-49.17184829711914,0.0693112164735794
4799400970,0,36.196870751017556,192.7955780029297,-49.17184829711914,0.05613723769783974
4824400970,0,36.095458546716735,192.7955780029297,-49.17184829711914,0.04550548270344734
4849400971,0,35.99001385164769,192.7955780029297,-49.17184829711914,0.03692970052361488
4874400971,0,35.88068781619821,192.7955780029297,-49.17184829711914,0.030015792697668076
4899400971,0,35.767646855086895,192.7955780029297,-49.17184829711914,0.024444427341222763
4924400972,0,35.65101338993266,192.7955780029297,-49.17184829711914,0.01995697058737278
4949400972,0,35.53095458093439,192.7955780029297,-49.17184829711914,0.01634414680302143
4974400972,0,35.40759231021164,192.7955780029297,-49.17184829711914,0.013436851091682911
4999400973,0,35.28102610546953,192.7955780029297,-49.17184829711914,0.011098288930952549
5024400973,0,35.151377590103564,192.7955780029297,-49.17184829711914,0.009217948652803898
5049400974,0,35.01874564777707,192.7955780029297,-49.17184829711914,0.007706718053668737
5074400974,0,34.8832447210802,192.7955780029297,-49.17184829711914,0.00649261474609375
5099400974,0,34.74495856631764,192.7955780029297,-49.17184829711914,0.0055175782181322575
5124400975,0,34.603971122817335,192.7955780029297,-49.17184829711914,0.004734840244054794
5149400975,0,34.460373777302294,192.7955780029297,-49.17184829711914,0.004106712061911821
5174400975,0,34.314243743308104,192.7955780029297,-49.17184829711914,0.003602867014706135
5199400976,0,34.165641889287926,192.7955780029297,-49.17184829711914,0.003198814345523715
5224400976,0,34.01463634547792,192.7955780029297,-49.17184829711914,0.002874908270314336
5249400977,0,33.86129596498034,192.7955780029297,-49.17184829711914,0.0026153563521802425
5274400977,0,33.70567415959525,192.7955780029297,-49.17184829711914,0.00240745535120368
5299400977,0,33.547816710644284,192.7955780029297,-49.17184829711914,0.0022409819066524506
5324400978,0,33.387769214982505,192.7955780029297,-49.17184829711914,0.0021076963748782873
5349400978,0,33.22557781602728,192.7955780029297,-49.17184829711914,0.0020010375883430243
5374400978,0,33.061295920380346,192.7955780029297,-49.17184829711914,0.0019157028291374445
5399400979,0,32.894938973096956,192.7955780029297,-49.17184829711914,0.0018474578391760588
5424400979,0,32.72657558610699,192.7955780029297,-49.17184829711914,0.0018474578391760588
5449400980,0,32.556198379651214,192.7955780029297,-49.17184829711914,0.0018474578391760588
5474400980,0,32.38387583125125,192.7955780029297,-49.17184829711914,0.0018474578391760588
5499400980,0,32.20961575582088,192.7955780029297,-49.17184829711914,0.0018474578391760588
5524400981,0,32.03344867130433,192.7955780029297,-49.17184829711914,0.0018474578391760588
5549400981,0,31.85541272429408,192.7955780029297,-49.17184829711914,0.0018474578391760588
5574400981,0,31.675514990253802,192.7955780029297,-49.17184829711914,0.0018474578391760588
5599400982,0,31.493779098934084,192.7955780029297,-49.17184829711914,0.0018474578391760588
5624400982,0,31.31023538342957,192.7955780029297,-49.17184829711914,0.0018474578391760588
5649400983,0,31.12491417601223,192.7955780029297,-49.17184829711914,0.0018474578391760588
5674400983,0,30.937808224060365,192.7955780029297,-49.17184829711914,0.0018474578391760588
5699400983,0,30.748955301860235,192.7955780029297,-49.17184829711914,0.0018474578391760588
5724400984,0,30.558363604937902,192.7955780029297,-49.17184829711914,0.0018474578391760588
5749400984,0,30.366055838412382,192.7955780029297,-49.17184829711914,0.0018474578391760588
5774400984,0,30.172038691789417,192.7955780029297,-49.17184829711914,0.0018474578391760588
5799400985,0,29.97633580818954,192.7955780029297,-49.17184829711914,0.0018474578391760588
5824400985,0,29.778955772740368,192.7955780029297,-49.17184829711914,0.0018474578391760588
5849400985,0,29.579927969734452,192.7955780029297,-49.17184829711914,0.0018474578391760588
5874400986,0,29.37923791201945,192.7955780029297,-49.17184829711914,0.0018474578391760588
5899400986,0,29.17692356315673,192.7955780029297,-49.17184829711914,0.0018474578391760588
5924400987,0,28.974457323994532,192.7955780029297,-49.17184829711914,0.0018474578391760588
5949400987,0,28.772052406745313,192.7955780029297,-49.17184829711914,0.0018474578391760588
5974400987,0,28.569732078947304,192.7955780029297,-49.17184829711914,0.0018474578391760588
5999400988,0,28.367479911083628,192.7955780029297,-49.17184829711914,0.0018474578391760588
6024400988,0,28.165304111533633,192.7955780029297,-49.17184829711914,0.0018474578391760588
6049400988,0,27.96318922524253,192.7955780029297,-49.17184829711914,0.0018474578391760588
6074400989,0,27.761150904134375,192.7955780029297,-49.17184829711914,0.0018474578391760588
6099400989,0,27.559180728381182,192.7955780029297,-49.17184829711914,0.0018474578391760588
6124400990,0,27.357278691807014,192.7955780029297,-49.17184829711914,0.0018474578391760588
6149400990,0,27.15544499021262,192.7955780029297,-49.17184829711914,0.0018474578391760588
6174400990,0,26.953679217895594,192.7955780029297,-49.17184829711914,0.0018474578391760588
6199400991,0,26.751989400276813,192.7955780029297,-49.17184829711914,0.0018474578391760588
6224400991,0,26.550367703209346,192.7955780029297,-49.17184829711914,0.0018474578391760588
6249400991,0,26.348822564927474,192.7955780029297,-49.17184829711914,0.0018474578391760588
6274400992,0,26.147345747576257,192.7955780029297,-49.17184829711914,0.0018474578391760588
6299400992,0,25.945937043110643,192.7955780029297,-49.17184829711914,0.0018474578391760588
6324400993,0,25.744604487159393,192.7955780029297,-49.17184829711914,0.0018474578391760588
6349400993,0,25.543340657182807,192.7955780029297,-49.17184829711914,0.0018474578391760588
6374400993,0,25.342160189483586,192.7955780029297,-49.17184829711914,0.0018474578391760588
6399400994,0,25.14104165110722,192.7955780029297,-49.17184829711914,0.0018474578391760588
6424400994,0,24.939243794410576,192.7955780029297,-49.17184829711914,0.0018474578391760588
6449400994,0,24.734615710682043,192.7955780029297,-49.17184829711914,0.0018474578391760588
6474400995,0,24.527303025792317,192.7955780029297,-49.17184829711914,0.0018474578391760588
6499400995,0,24.317418513038586,192.7955780029297,-49.17184829711914,0.0018474578391760588
6524400996,0,24.105054786800856,192.7955780029297,-49.17184829711914,0.0018474578391760588
6549400996,0,23.89031146175537,192.7955780029297,-49.17184829711914,0.0018474578391760588
6574400996,0,23.673287727895,192.7955780029297,-49.17184829711914,0.0018474578391760588
6599400997,0,23.454037434764498,192.7955780029297,-49.17184829711914,0.0018474578391760588
6624400997,0,23.232628829102755,192.7955780029297,-49.17184829711914,0.0018474578391760588
6649400997,0,23.009145843605136,192.7955780029297,-49.17184829711914,0.0018474578391760588
6674400998,0,22.783611162512496,192.7955780029297,-49.17184829711914,0.0018474578391760588
6699400998,0,22.556116123649428,192.7955780029297,-49.17184829711914,0.0018474578391760588
6724400999,0,22.32672176846942,192.7955780029297,-49.17184829711914,0.0018474578391760588
6749400999,0,22.09553468664428,192.7955780029297,-49.17184829711914,0.0018474578391760588
6774400999,0,21.862669857865928,192.7955780029297,-49.17184829711914,0.0016283798031508923
6799401000,0,21.628256104757828,192.7955780029297,-49.17184829711914,0.0014881134266033769
6824401000,0,21.392422918478676,192.7955780029297,-49.17184829711914,0.0014034652849659324
6849401000,0,21.155323121718375,192.7955780029297,-49.17184829711914,0.0013574600452557206
6874401001,0,20.91711647098413,192.7955780029297,-49.17184829711914,0.0013378524454310536
6899401001,0,20.67796457111421,192.7955780029297,-49.17184829711914,0.0013356780400499701
6924401002,0,20.438026241086188,192.7955780029297,-49.17184829711914,0.0013445663498714566
6949401002,0,20.197454995963806,192.7955780029297,-49.17184829711914,0.0013600540114566684
6974401002,0,19.956394361145215,192.7955780029297,-49.17184829711914,0.0013790893135592341
6999401003,0,19.71498211195605,192.7955780029297,-49.17184829711914,0.0013995361514389515
7024401003,0,19.473339811940416,192.7955780029297,-49.17184829711914,0.001419982872903347
7049401003,0,19.23158876578035,192.7955780029297,-49.17184829711914,0.0014395522885024548
7074401004,0,18.98982219525141,192.7955780029297,-49.17184829711914,0.0014577483525499701
7099401004,0,18.748154772024606,192.7955780029297,-49.17184829711914,0.0014742660569027066
7124401004,0,18.50668392956388,192.7955780029297,-49.17184829711914,0.0014890671009197831
7149401005,0,18.26550142771361,192.7955780029297,-49.17184829711914,0.0015021514846011996
7174401005,0,18.024705655531946,192.7955780029297,-49.17184829711914,0.0015135573921725154
7199401006,0,17.78438225314464,192.7955780029297,-49.17184829711914,0.0015234756283462048
7224401006,0,17.544584610010965,192.7955780029297,-49.17184829711914,0.0015319824451580644
7249401006,0,17.30538086144961,192.7955780029297,-49.17184829711914,0.001539268414489925
7274401007,0,17.06680990093621,192.7955780029297,-49.17184829711914,0.0015454483218491077
7299401007,0,16.82892408900861,192.7955780029297,-49.17184829711914,0.0015506744384765625
7324401007,0,16.591748362753723,192.7955780029297,-49.17184829711914,0.0015550995012745261
7349401008,0,16.355321396299516,192.7955780029297,-49.17184829711914,0.0015587997622787952
7374401008,0,16.119680826834653,192.7955780029297,-49.17184829711914,0.0015618896577507257
7399401009,0,15.884887693607817,192.7955780029297,-49.17184829711914,0.0015644836239516735
7424401009,0,15.651002505191142,192.7955780029297,-49.17184829711914,0.0015666198451071978
7449401009,0,15.418063672460544,192.7955780029297,-49.17184829711914,0.0015684127574786544
7474401010,0,15.18609354970215,192.7955780029297,-49.17184829711914,0.00156993861310184
7499401010,0,14.955092674973098,192.7955780029297,-49.17184829711914,0.0015711593441665173
7524401010,0,14.725073042313742,192.7955780029297,-49.17184829711914,0.0015721892705187201
7549401011,0,14.496026770884816,192.7955780029297,-49.17184829711914,0.0015721892705187201
7574401011,0,14.267953322472563,192.7955780029297,-49.17184829711914,0.0015721892705187201
7599401012,0,14.040871217770826,192.7955780029297,-49.17184829711914,0.0015721892705187201
7624401012,0,13.814784823637435,192.7955780029297,-49.17184829711914,0.0015721892705187201
7649401012,0,13.589686234039462,192.7955780029297,-49.17184829711914,0.0015721892705187201
7674401013,0,13.365575165634919,192.7955780029297,-49.17184829711914,0.0015721892705187201
7699401013,0,13.142432539673223,192.7955780029297,-49.17184829711914,0.0015721892705187201
7724401013,0,12.920259214042716,192.7955780029297,-49.17184829711914,0.0015721892705187201
7749401014,0,12.69908807921849,192.7955780029297,-49.17184829711914,0.0015721892705187201
7774401014,0,12.478949629853298,192.7955780029297,-49.17184829711914,0.0015721892705187201
7799401015,0,12.25987054360182,192.7955780029297,-49.17184829711914,0.0015721892705187201
7824401015,0,12.041893051411868,192.7955780029297,-49.17184829711914,0.0015721892705187201
7849401015,0,11.825025064482602,192.7955780029297,-49.17184829711914,0.0015721892705187201
7874401016,0,11.609308828831752,192.7955780029297,-49.17184829711914,0.0015721892705187201
7899401016,0,11.394805064494024,192.7955780029297,-49.17184829711914,0.0015721892705187201
7924401016,0,11.18155068596418,192.7955780029297,-49.17184829711914,0.0015721892705187201
7949401017,0,10.969632772882395,192.7955780029297,-49.17184829711914,0.0015721892705187201
7974401017,0,10.759376096097178,192.7955780029297,-49.17184829711914,0.0015721892705187201
7999401018,0,10.551147696392412,192.7955780029297,-49.17184829711914,0.0015721892705187201
8024401018,0,10.345335245978792,192.7955780029297,-49.17184829711914,0.0015721892705187201
8049401018,0,10.14234210125623,192.7955780029297,-49.17184829711914,0.0015721892705187201
8074401019,0,9.942550906706735,192.7955780029297,-49.17184829711914,0.0015721892705187201
8099401019,0,9.746376443189654,192.7955780029297,-49.17184829711914,0.0015721892705187201
8124401019,0,9.55427160570559,192.7955780029297,-49.17184829711914,0.0015721892705187201
8149401020,0,9.369079687452759,192.7956085205078,-49.16937255859375,0.001552047673612833
8174401020,0,9.197440370062681,192.7957305908203,-49.15776824951172,0.0014822768280282617
8199401021,0,9.038093968387154,192.79595947265625,-49.13827896118164,0.0014003753894940019
8224401021,0,8.889862477382403,192.79624938964844,-49.112083435058594,0.0013238906394690275
8249401021,0,8.751737111165813,192.79661560058594,-49.08018112182617,0.0012604903895407915
8274401022,0,8.622919432798783,192.7970428466797,-49.04337692260742,0.0012126159854233265
8299401022,0,8.502724583140125,192.7975311279297,-49.00235366821289,0.001179656945168972
8324401022,0,8.390618302789388,192.79806518554688,-48.9576416015625,0.001159935025498271
8349401023,0,8.28616829959412,192.7986297607422,-48.909671783447266,0.0011507415911182761
8374401023,0,8.189020553533535,192.79920959472656,-48.85880661010742,0.0011499786050990224
8399401023,0,8.098885217419113,192.79983520507812,-48.80532455444336,0.0011555099627003074
8424401024,0,8.015536941153963,192.80050659179688,-48.74945068359375,0.0011653518304228783
8449401024,0,7.9388127523141785,192.8011932373047,-48.69135284423828,0.0011782837100327015
8474401025,0,7.868558737996864,192.80189514160156,-48.63117980957031,0.0011929321335628629
8499401025,0,7.804666705347698,192.8026123046875,-48.56904220581055,0.0012083816109225154
8524401025,0,7.747033426813939,192.80335998535156,-48.505027770996094,0.0012240600772202015
8549401026,0,7.695587074783505,192.80413818359375,-48.43921661376953,0.0012394333025440574
8574401026,0,7.650276883802313,192.80491638183594,-48.37166213989258,0.001254234230145812
8599401026,0,7.611041776030231,192.8057403564453,-48.30242156982422,0.0012681960361078382
8624401027,0,7.577792921297385,192.8065643310547,-48.23151779174805,0.0012812423519790173
8649401027,0,7.550208136110869,192.8074188232422,-48.15899658203125,0.0012933348771184683
8674401028,0,7.528277980232818,192.8082733154297,-48.08488845825195,0.001304359408095479
8699401028,0,7.512041006752198,192.80917358398438,-48.009193420410156,0.0013143920805305243
8724401028,0,7.501493035953165,192.81007385253906,-47.93195724487305,0.001323432894423604
8749401029,0,7.496661705456399,192.8109893798828,-47.85317611694336,0.0013316344702616334
8774401029,0,7.497541872127929,192.8119354248047,-47.77287673950195,0.0013389968080446124
8799401029,0,7.5041477067328,192.81288146972656,-47.69104766845703,0.0013455962762236595
8824401030,0,7.516441064066338,192.81385803222656,-47.607723236083984,0.0013515090104192495
8849401030,0,7.534421938569735,192.81483459472656,-47.52290344238281,0.0013566208072006702
8874401031,0,7.558058740753997,192.81585693359375,-47.43659973144531,0.0013613891787827015
8899401031,0,7.587339674310243,192.81686401367188,-47.348812103271484,0.0013655852526426315
8924401031,0,7.622220776960074,192.81793212890625,-47.25955581665039,0.0013693618820980191
8949401032,0,7.662661417903944,192.81898498535156,-47.16883087158203,0.0013726806500926614
8974401032,0,7.708643623723969,192.82005310058594,-47.07664489746094,0.0013756942935287952
8999401032,0,7.760100460260932,192.82115173339844,-46.983001708984375,0.0013783263275399804
9024401033,0,7.816995965467548,192.822265625,-46.887908935546875,0.0013806915376335382
9049401033,0,7.879246977465458,192.82339477539062,-46.791385650634766,0.0013829040108248591
9074401034,0,7.946803595679466,192.82452392578125,-46.693450927734375,0.0013851166004315019
9099401034,0,8.01982744915897,192.82569885253906,-46.594154357910156,0.0013874053256586194
9124401034,0,8.100907531729826,192.82687377929688,-46.49352264404297,0.0013898849720135331
9149401035,0,8.190345398448311,192.82806396484375,-46.391624450683594,0.0013927459949627519
9174401035,0,8.285933360831288,192.8292694091797,-46.28850173950195,0.0013958358904346824
9199401035,0,8.38173006575488,192.8304901123047,-46.184207916259766,0.0013993835309520364
9224401036,0,8.478181685461466,192.8317108154297,-46.07880401611328,0.0014033126644790173
9249401036,0,8.57486184613872,192.8329620361328,-45.97234344482422,0.0014075851067900658
9274401037,0,8.67156883241201,192.83421325683594,-45.86488723754883,0.0014121627900749445
9299401037,0,8.767946670567705,192.83546447753906,-45.756492614746094,0.0014170455979183316
9324401037,0,8.863698388827515,192.8367462158203,-45.64720916748047,0.0014221572782844305
9349401038,0,8.958556861609576,192.83804321289062,-45.53710174560547,0.001427459646947682
9374401038,0,9.051036590786804,192.83932495117188,-45.42620849609375,0.001432876568287611
9399401038,0,9.142192484461273,192.8406219482422,-45.31459045410156,0.0014384459936991334
9424401039,0,9.23082942501689,192.84194946289062,-45.20227813720703,0.0014440154191106558
9449401039,0,9.316854041817596,192.84327697753906,-45.08933639526367,0.0014496230287477374
9474401040,0,9.400498029020614,192.8446044921875,-44.97579574584961,0.0014551925705745816
9499401040,0,9.481933330237684,192.84593200683594,-44.8616943359375,0.0014607238117605448
9524401040,0,9.561252421300868,192.84725952148438,-44.74707794189453,0.0014661407331004739
9549401041,0,9.638556354563534,192.8485870361328,-44.63197708129883,0.0014714812859892845
9574401041,0,9.713889599380828,192.84996032714844,-44.51642608642578,0.0014766311505809426
9599401041,0,9.787287752063486,192.851318359375,-44.40045928955078,0.0014817046467214823
9624401042,0,9.858778445071449,192.85269165039062,-44.28410720825195,0.0014865874545648694
9649401042,0,9.928388052863127,192.85406494140625,-44.16738510131836,0.0014912413898855448
9674401042,0,9.996105437084063,192.8554229736328,-44.050331115722656,0.0014957808889448643
9699401043,0,10.061950585939366,192.85679626464844,-43.93296813964844,0.001500091515481472
9724401043,0,10.125914314026886,192.858154296875,-43.81531524658203,0.0015042113373056054
9749401044,0,10.187986715215478,192.85952758789062,-43.69739532470703,0.0015081786550581455
9774401044,0,10.248170670082976,192.86090087890625,-43.579227447509766,0.0015119171002879739
9799401044,0,10.306454121243522,192.8622589111328,-43.46082305908203,0.0015155029250308871
9824401045,0,10.362829442449847,192.86363220214844,-43.34220504760742,0.0015188598772510886
9849401045,0,10.417282594373685,192.8650360107422,-43.223392486572266,0.0015220260247588158
9874401045,0,10.469820287072247,192.86643981933594,-43.10438537597656,0.0015250396681949496
9899401046,0,10.520423148806294,192.8678436279297,-42.98521041870117,0.0015279006911441684
9924401046,0,10.569075024551422,192.86924743652344,-42.86587905883789,0.0015305709093809128
9949401047,0,10.615777424790195,192.87066650390625,-42.746395111083984,0.0015330505557358265
9974401047,0,10.660513596807915,192.8720703125,-42.62677764892578,0.0015354156494140625
9999401047,0,10.703285340217455,192.87347412109375,-42.50703048706055,0.0015376281226053834
10024401048,0,10.744067689032873,192.8748779296875,-42.38717269897461,0.001539688091725111
10049401048,0,10.782862137555915,192.87628173828125,-42.26719665527344,0.0015416336245834827
10074401048,0,10.819653430789515,192.877685546875,-42.14712905883789,0.0015434646047651768
10099401049,0,10.854449197334148,192.8791046142578,-42.02695846557617,0.0015451812651008368
10124401049,0,10.887223324116961,192.88050842285156,-41.90670394897461,0.0015467453049495816
10149401050,0,10.917994584008326,192.8819122314453,-41.78636169433594,0.001548232976347208
10174401050,0,10.946748298642447,192.88331604003906,-41.66594314575195,0.0015496443957090378
10199401050,0,10.974640459706556,192.8847198486328,-41.54545974731445,0.0015509033109992743
10224401051,0,11.002667098587754,192.88612365722656,-41.42490768432617,0.0015520858578383923
10249401051,0,11.030792980669721,192.8875274658203,-41.30428695678711,0.001553230220451951
10274401051,0,11.059014553391943,192.88894653320312,-41.183616638183594,0.0015542220789939165
10299401052,0,11.087319500666645,192.89035034179688,-41.062889099121094,0.001555213937535882
10324401052,0,11.115697799155697,192.89175415039062,-40.942115783691406,0.001556129427626729
10349401053,0,11.144152116025237,192.89315795898438,-40.82129669189453,0.0015569686656817794
10374401053,0,11.172682735211675,192.89456176757812,-40.7004280090332,0.0015577316517010331
10399401053,0,11.201273836378071,192.89596557617188,-40.57952117919922,0.0015584563370794058
10424401054,0,11.229929800595668,192.8973846435547,-40.458580017089844,0.0015591430710628629
10449401054,0,11.258650909060954,192.89878845214844,-40.33760070800781,0.0015597534365952015
10474401054,0,11.287441811956784,192.9001922607422,-40.21658706665039,0.0015603256179019809
10499401055,0,11.316278781102895,192.90159606933594,-40.09554672241211,0.001560859614983201
10524401055,0,11.345177349381931,192.9029998779297,-39.9744758605957,0.0015613555442541838
10549401056,0,11.374142157488638,192.90440368652344,-39.85337448120117,0.0015618514735251665
10574401056,0,11.40315656129938,192.90582275390625,-39.73224639892578,0.0015622329665347934
10599401056,0,11.432217297989526,192.9072265625,-39.61109924316406,0.0015626144595444202
10624401057,0,11.461342885544541,192.90863037109375,-39.48992156982422,0.0015629958361387253
10649401057,0,11.4905112637304,192.9100341796875,-39.36872863769531,0.0015633773291483521
10674401057,0,11.519736589101061,192.91143798828125,-39.24751281738281,0.0015636825701221824
10699401058,0,11.54856087284316,192.912841796875,-39.12627410888672,0.0015639495104551315
10724401058,0,11.574943233541983,192.9142608642578,-39.00502014160156,0.0015642547514289618
10749401059,0,11.598781016318746,192.91566467285156,-38.883750915527344,0.0015644836239516735
10774401059,0,11.620192767593338,192.9170684814453,-38.76246643066406,0.0015647124964743853
10799401059,0,11.639268961982534,192.91847229003906,-38.64116668701172,0.001564941368997097
10824401060,0,11.656095418893775,192.9198760986328,-38.51985168457031,0.0015651320572942495
10849401060,0,11.670739981515826,192.92127990722656,-38.398521423339844,0.0015653228620067239
10874401060,0,11.683259590836139,192.9226837158203,-38.27717590332031,0.001565475482493639
10899401061,0,11.693704906094187,192.92410278320312,-38.15581512451172,0.0015656279865652323
10924401061,0,11.702105358299388,192.92550659179688,-38.034446716308594,0.0015657806070521474
10949401061,0,11.708496077556864,192.92691040039062,-37.91306686401367,0.0015659332275390625
10974401062,0,11.712918207382323,192.92831420898438,-37.79167556762695,0.0015660857316106558
10999401062,0,11.71539898118445,192.92971801757812,-37.67026901245117,0.0015661621000617743
11024401063,0,11.71595746557267,192.93112182617188,-37.54885482788086,0.001566238352097571
11049401063,0,11.714594460239493,192.9325408935547,-37.427433013916016,0.0015663527883589268
11074401063,0,11.711350846627143,192.93394470214844,-37.305999755859375,0.0015664672246202826
11099401064,0,11.706212850488823,192.9353485107422,-37.1845588684082,0.0015665435930714011
11124401064,0,11.69921383882682,192.93675231933594,-37.063106536865234,0.0015666198451071978
11149401064,0,11.690356915821377,192.9381561279297,-36.941646575927734,0.0015666960971429944
11174401065,0,11.679654125911487,192.93955993652344,-36.8201789855957,0.0015667724655941129
11199401065,0,11.667105783774456,192.94097900390625,-36.698699951171875,0.0015668487176299095
11224401066,0,11.652730454497698,192.9423828125,-36.577213287353516,0.0015668869018554688
11249401066,0,11.636509088044331,192.94378662109375,-36.45572280883789,0.0015669631538912654
11274401066,0,11.618472212596437,192.9451904296875,-36.33422088623047,0.0015670013381168246
11299401067,0,11.59862010859791,192.94659423828125,-36.212711334228516,0.001567039405927062
11324401067,0,11.576939989036175,192.947998046875,-36.09119415283203,0.001567039405927062
11349401067,0,11.553456637147931,192.9494171142578,-35.96967315673828,0.0015671157743781805
11374401068,0,11.528171974062035,192.95082092285156,-35.848140716552734,0.001567153842188418
11399401068,0,11.501082183062701,192.9522247314453,-35.72660446166992,0.0015671920264139771
11424401069,0,11.472202245688157,192.95362854003906,-35.60506057739258,0.0015671920264139771
11449401069,0,11.441524529459535,192.9550323486328,-35.4835090637207,0.0015672302106395364
11474401069,0,11.409069469206905,192.95643615722656,-35.36195373535156,0.0015672682784497738
11499401070,0,11.374840606652645,192.9578399658203,-35.240386962890625,0.001567306462675333
11524401070,0,11.338827873786254,192.95925903320312,-35.11881637573242,0.001567306462675333
11549401070,0,11.301047599523514,192.96066284179688,-34.99724197387695,0.0015673446469008923
11574401071,0,11.261511220409409,192.96206665039062,-34.87565612792969,0.0015673828311264515
11599401071,0,11.220220891391776,192.96347045898438,-34.754066467285156,0.0015673828311264515
11624401072,0,11.17717118350715,192.96487426757812,-34.63247299194336,0.0015673828311264515
11649401072,0,11.132369172049717,192.96627807617188,-34.51087188720703,0.001567420898936689
11674401072,0,11.085831491732689,192.9676971435547,-34.38926315307617,0.001567420898936689
11699401073,0,11.037553776904868,192.96910095214844,-34.26764678955078,0.001567420898936689
11724401073,0,10.9875374084666,192.9705047607422,-34.14603042602539,0.001567420898936689
11749401073,0,10.935804442763635,192.97190856933594,-34.0244026184082,0.0015674590831622481
11774401074,0,10.88234697614827,192.9733123779297,-33.90277099609375,0.0015674590831622481
11799401074,0,10.82717562064976,192.97471618652344,-33.78113555908203,0.0015674972673878074
11824401075,0,10.77033233246472,192.97613525390625,-33.65949249267578,0.0015674972673878074
11849401075,0,10.711898039854157,192.9775390625,-33.537841796875,0.0015674972673878074
11874401075,0,10.65201608506404,192.97894287109375,-33.41618728637695,0.0015675353351980448
11899401076,0,10.590851871231175,192.9803466796875,-33.29452896118164,0.0015674972673878074
11924401076,0,10.52861054529828,192.98175048828125,-33.1728630065918,0.0015674972673878074
11949401076,0,10.465836441142146,192.983154296875,-33.05118942260742,0.0015675353351980448
11974401077,0,10.403250166502737,192.9845733642578,-32.92951202392578,0.0015675353351980448
11999401077,0,10.341561709719471,192.98597717285156,-32.807830810546875,0.0015675353351980448
12024401078,0,10.281422715158731,192.9873809814453,-32.68614196777344,0.001567573519423604
12049401078,0,10.223463910248295,192.98878479003906,-32.564449310302734,0.001567573519423604
12074401078,0,10.168263613648746,192.9901885986328,-32.4427490234375,0.001567573519423604
12099401079,0,10.116268901704476,192.99159240722656,-32.321041107177734,0.001567573519423604
12124401079,0,10.067613529844603,192.9929962158203,-32.1993293762207,0.001567573519423604
12149401079,0,10.02191692371326,192.99441528320312,-32.077613830566406,0.0015676117036491632
12174401080,0,9.97863441974487,192.99581909179688,-31.95589256286621,0.0015676117036491632
12199401080,0,9.937130693867235,192.99722290039062,-31.83416748046875,0.0015676117036491632
12224401080,0,9.896800949493901,192.99862670898438,-31.71243667602539,0.0015676117036491632
12249401081,0,9.857462459483639,193.00003051757812,-31.590700149536133,0.0015676117036491632
12274401081,0,9.818964916759978,193.00143432617188,-31.46895980834961,0.0015676117036491632
12299401082,0,9.781227270981411,193.0028533935547,-31.347213745117188,0.0015676117036491632
12324401082,0,9.74418484957457,193.00425720214844,-31.2254638671875,0.0015676497714594007
12349401082,0,9.707811284413149,193.0056610107422,-31.103710174560547,0.0015676879556849599
12374401083,0,9.672059920104402,193.00706481933594,-30.981952667236328,0.0015676879556849599
12399401083,0,9.636882469497769,193.0084686279297,-30.86018943786621,0.0015676879556849599
12424401083,0,9.60226406445846,193.00987243652344,-30.73842430114746,0.0015677261399105191
12449401084,0,9.568236082948458,193.01129150390625,-30.616657257080078,0.0015677642077207565
12474401084,0,9.534927503474288,193.0126953125,-30.49488639831543,0.0015677642077207565
12499401085,0,9.50277469568651,193.01409912109375,-30.37311363220215,0.0015677642077207565
12524401085,0,9.47224800929174,193.0155029296875,-30.2513370513916,0.0015678023919463158
12549401085,0,9.443862954500124,193.01690673828125,-30.129560470581055,0.001567840576171875
12574401086,0,9.418300277196385,193.018310546875,-30.00777816772461,0.001567840576171875
12599401086,0,9.396197193790384,193.0197296142578,-29.885995864868164,0.0015678786439821124
12624401086,0,9.378215662423678,193.02113342285156,-29.764211654663086,0.0015679168282076716
12649401087,0,9.364650223568892,193.0225372314453,-29.642423629760742,0.0015679168282076716
12674401087,0,9.355479229712303,193.02394104003906,-29.5206356048584,0.0015679550124332309
12699401088,0,9.350696004157763,193.0253448486328,-29.398847579956055,0.0015679550124332309
12724401088,0,9.350289295406329,193.02674865722656,-29.277055740356445,0.0015679930802434683
12749401088,0,9.354270502123546,193.0281524658203,-29.155263900756836,0.0015679930802434683
12774401089,0,9.362635353144546,193.02957153320312,-29.033470153808594,0.0015679930802434683
12799401089,0,9.375017606558043,193.03097534179688,-28.91167640686035,0.0015679930802434683
12824401089,0,9.390367400190968,193.03237915039062,-28.789878845214844,0.0015679930802434683
12849401090,0,9.407556735448455,193.03378295898438,-28.66808319091797,0.0015680312644690275
12874401090,0,9.425482756797647,193.03518676757812,-28.54628562927246,0.0015680694486945868
12899401091,0,9.443468190092199,193.03659057617188,-28.424489974975586,0.0015680694486945868
12924401091,0,9.461475873757038,193.0380096435547,-28.302692413330078,0.0015680694486945868
12949401091,0,9.479521745297737,193.03941345214844,-28.180891036987305,0.0015681075165048242
12974401092,0,9.497607368416661,193.0408172607422,-28.05908966064453,0.0015681075165048242
12999401092,0,9.515734026755247,193.04222106933594,-27.937286376953125,0.0015681075165048242
13024401092,0,9.533901100897959,193.0436248779297,-27.81548500061035,0.0015681075165048242
13049401093,0,9.552523350011898,193.04502868652344,-27.693683624267578,0.0015681075165048242
13074401093,0,9.57327072313586,193.04644775390625,-27.571882247924805,0.0015681075165048242
13099401094,0,9.595780513838616,193.0478515625,-27.45008087158203,0.0015681075165048242
13124401094,0,9.619495918502892,193.04925537109375,-27.328277587890625,0.0015681075165048242
13149401094,0,9.643919424718337,193.0506591796875,-27.20647621154785,0.0015681075165048242
13174401095,0,9.668612208342724,193.05206298828125,-27.084674835205078,0.0015681075165048242
13199401095,0,9.693208345967866,193.053466796875,-26.962867736816406,0.0015681075165048242
13224401095,0,9.717399700745228,193.0548858642578,-26.841060638427734,0.0015681457007303834
13249401096,0,9.740929931439025,193.05628967285156,-26.719255447387695,0.0015681457007303834
13274401096,0,9.76359016985203,193.0576934814453,-26.597448348999023,0.0015681838849559426
13299401096,0,9.785216232312287,193.05909729003906,-26.47564125061035,0.0015681838849559426
13324401097,0,9.805651755060827,193.0605010986328,-26.35383415222168,0.0015681838849559426
13349401097,0,9.82478041889915,193.06190490722656,-26.23202896118164,0.0015681838849559426
13374401098,0,9.842503065751023,193.0633087158203,-26.11022186279297,0.0015681838849559426
13399401098,0,9.858735069554628,193.06472778320312,-25.988414764404297,0.0015681838849559426
13424401098,0,9.87341921696424,193.06613159179688,-25.866607666015625,0.0015681838849559426
13449401099,0,9.886477023857646,193.06753540039062,-25.744802474975586,0.0015681838849559426
13474401099,0,9.8978776802591,193.06893920898438,-25.622995376586914,0.0015681838849559426
13499401099,0,9.907574985578181,193.07034301757812,-25.501188278198242,0.0015681838849559426
13524401100,0,9.915543693647548,193.07174682617188,-25.37938117980957,0.0015681838849559426
13549401100,0,9.92174375745034,193.0731658935547,-25.25757598876953,0.0015681838849559426
13574401101,0,9.926164029718564,193.07456970214844,-25.13576889038086,0.0015681838849559426
13599401101,0,9.928784416535409,193.0759735107422,-25.013961791992188,0.0015681838849559426
13624401101,0,9.92959435779502,193.07737731933594,-24.892154693603516,0.0015681838849559426
13649401102,0,9.928571404225195,193.0787811279297,-24.770349502563477,0.0015681838849559426
13674401102,0,9.925711446235592,193.08018493652344,-24.648542404174805,0.00156822195276618
13699401102,0,9.921006042305667,193.08160400390625,-24.526735305786133,0.00156822195276618
13724401103,0,9.914453180455169,193.0830078125,-24.40492820739746,0.00156822195276618
13749401103,0,9.906054743194732,193.08441162109375,-24.28312110900879,0.00156822195276618
13774401104,0,9.895800387940207,193.0858154296875,-24.16131591796875,0.00156822195276618
13799401104,0,9.88369427669077,193.08721923828125,-24.039508819580078,0.00156822195276618
13824401104,0,9.869740981969557,193.088623046875,-23.917701721191406,0.00156822195276618
13849401105,0,9.853934380021624,193.0900421142578,-23.795894622802734,0.00156822195276618
13874401105,0,9.836283428574822,193.09144592285156,-23.674089431762695,0.00156822195276618
13899401105,0,9.816786949993496,193.0928497314453,-23.552282333374023,0.00156822195276618
13924401106,0,9.795451560039973,193.09425354003906,-23.43047523498535,0.00156822195276618
13949401106,0,9.772284294503335,193.0956573486328,-23.30866813659668,0.00156822195276618
13974401107,0,9.74728294754818,193.09706115722656,-23.18686294555664,0.00156822195276618
13999401107,0,9.720466290144888,193.0984649658203,-23.06505584716797,0.00156822195276618
14024401107,0,9.691851185875835,193.09988403320312,-22.943248748779297,0.00156822195276618
14049401108,0,9.661453721270343,193.10128784179688,-22.821441650390625,0.00156822195276618
14074401108,0,9.629297563675769,193.10269165039062,-22.699636459350586,0.00156822195276618
14099401108,0,9.595476591755355,193.10409545898438,-22.577829360961914,0.00156822195276618
14124401109,0,9.560157037894944,193.10549926757812,-22.456022262573242,0.00156822195276618
14149401109,0,9.523716395342822,193.10690307617188,-22.33421516418457,0.00156822195276618
14174401110,0,9.4867149157293,193.1083221435547,-22.21240997314453,0.00156822195276618
14199401110,0,9.449850280944695,193.10972595214844,-22.09060287475586,0.00156822195276618
14224401110,0,9.413782904749917,193.1111297607422,-21.968795776367188,0.00156822195276618
14249401111,0,9.379112327107405,193.11253356933594,-21.846988677978516,0.00156822195276618
14274401111,0,9.346395807112014,193.1139373779297,-21.725183486938477,0.00156822195276618
14299401111,0,9.31607574481336,193.11534118652344,-21.603376388549805,0.00156822195276618
14324401112,0,9.288444269155368,193.11676025390625,-21.481569290161133,0.00156822195276618
14349401112,0,9.263756214042072,193.1181640625,-21.35976219177246,0.00156822195276618
14374401113,0,9.242228765065425,193.11956787109375,-21.237957000732422,0.00156822195276618
14399401113,0,9.224060435767749,193.1209716796875,-21.11614990234375,0.00156822195276618
14424401113,0,9.209409574080059,193.12237548828125,-20.994342803955078,0.00156822195276618
14449401114,0,9.198374258349622,193.123779296875,-20.872535705566406,0.00156822195276618
14474401114,0,9.190784443578039,193.1251983642578,-20.7507266998291,0.00156822195276618
14499401114,0,9.18679510441788,193.12660217285156,-20.628917694091797,0.00156822195276618
14524401115,0,9.18606933287338,193.1280059814453,-20.507108688354492,0.00156822195276618
14549401115,0,9.188080182975103,193.12940979003906,-20.38530158996582,0.00156822195276618
14574401115,0,9.19229279088192,193.1308135986328,-20.263492584228516,0.0015682601369917393
14599401116,0,9.198344141086729,193.13221740722656,-20.14168357849121,0.0015682601369917393
14624401116,0,9.206079226323123,193.1336212158203,-20.019874572753906,0.0015682601369917393
14649401117,0,9.215372444360193,193.13504028320312,-19.8980655670166,0.0015682601369917393
14674401117,0,9.22613005931911,193.13644409179688,-19.776256561279297,0.0015682601369917393
14699401117,0,9.238290198310406,193.13784790039062,-19.65444564819336,0.0015682601369917393
14724401118,0,9.251773888305259,193.13925170898438,-19.532636642456055,0.0015682601369917393
14749401118,0,9.266510501684504,193.14065551757812,-19.41082763671875,0.00156822195276618
14774401118,0,9.282436534764557,193.14205932617188,-19.289018630981445,0.00156822195276618
14799401119,0,9.299449078894606,193.1434783935547,-19.16720962524414,0.0015682601369917393
14824401119,0,9.317455464168658,193.14488220214844,-19.045400619506836,0.0015682601369917393
14849401120,0,9.336418890579685,193.1462860107422,-18.92359161376953,0.0015682601369917393
14874401120,0,9.356239902506212,193.14768981933594,-18.801782608032227,0.00156822195276618
14899401120,0,9.376760406473249,193.1490936279297,-18.679973602294922,0.00156822195276618
14924401121,0,9.397775291894934,193.15049743652344,-18.558164596557617,0.00156822195276618
14949401121,0,9.419069635303336,193.15191650390625,-18.436355590820312,0.0015682601369917393
14974401121,0,9.440426804031485,193.1533203125,-18.314546585083008,0.0015682601369917393
14999401122,0,9.461620724840099,193.15472412109375,-18.192737579345703,0.0015682601369917393
15024401122,0,9.48250160498187,193.1561279296875,-18.0709285736084,0.0015682601369917393
15049401123,0,9.502906217704602,193.15753173828125,-17.949119567871094,0.0015682601369917393
15074401123,0,9.522707936561345,193.158935546875,-17.82731056213379,0.0015682601369917393
15099401123,0,9.541816361159782,193.1603546142578,-17.705501556396484,0.00156822195276618
15124401124,0,9.5601331021606,193.16175842285156,-17.58369255065918,0.00156822195276618
15149401124,0,9.57755765353697,193.1631622314453,-17.461883544921875,0.00156822195276618
15174401124,0,9.593998693261588,193.16456604003906,-17.34007453918457,0.00156822195276618
15199401125,0,9.60933226863773,193.1659698486328,-17.218265533447266,0.0015682601369917393
15224401125,0,9.623626210348128,193.16737365722656,-17.09645652770996,0.0015682601369917393
15249401126,0,9.637836054618122,193.1687774658203,-16.974647521972656,0.0015682601369917393
15274401126,0,9.652098806346583,193.17019653320312,-16.85283851623535,0.0015682601369917393
15299401126,0,9.666404121942195,193.17160034179688,-16.731029510498047,0.0015682601369917393
15324401127,0,9.680750076975825,193.17300415039062,-16.609220504760742,0.0015682601369917393
15349401127,0,9.695136381467098,193.17440795898438,-16.487409591674805,0.0015682601369917393
15374401127,0,9.709561922397397,193.17581176757812,-16.3656005859375,0.00156822195276618
15399401128,0,9.724023715831443,193.17721557617188,-16.243791580200195,0.00156822195276618
15424401128,0,9.738519577262444,193.1786346435547,-16.12198257446289,0.00156822195276618
15449401129,0,9.753055229532746,193.18003845214844,-16.000173568725586,0.00156822195276618
15474401129,0,9.767627813245694,193.1814422607422,-15.878365516662598,0.00156822195276618
15499401129,0,9.782233243883269,193.18284606933594,-15.756556510925293,0.0015682601369917393
15524401130,0,9.79687724705123,193.1842498779297,-15.634746551513672,0.0015682601369917393
15549401130,0,9.811560913773457,193.18565368652344,-15.512937545776367,0.0015682601369917393
15574401130,0,9.8262783889034,193.18707275390625,-15.391128540039062,0.0015682601369917393
15599401131,0,9.841030217655781,193.1884765625,-15.269319534301758,0.0015682601369917393
15624401131,0,9.855823491229529,193.18988037109375,-15.147510528564453,0.0015682601369917393
15649401132,0,9.87064894687988,193.1912841796875,-15.025701522827148,0.0015682601369917393
15674401132,0,9.885527565898308,193.19268798828125,-14.903875350952148,0.0015681075165048242
15699401132,0,9.90056408590677,193.194091796875,-14.781935691833496,0.0015671920264139771
15724401133,0,9.915925106269498,193.19554138183594,-14.659700393676758,0.0015647506806999445
15749401133,0,9.930505300208901,193.19699096679688,-14.536992073059082,0.0015604781219735742
15774401133,0,9.943543857180515,193.1984405517578,-14.41365909576416,0.0015545653877779841
15799401134,0,9.9552123543474,193.1998748779297,-14.289582252502441,0.0015472793020308018
15824401134,0,9.965668155614607,193.20132446289062,-14.164661407470703,0.0015390777261927724
15849401134,0,9.975025683792625,193.2028045654297,-14.038818359375,0.0017827986739575863
15874401135,0,9.983386727221857,193.2042999267578,-13.911983489990234,0.0019213866908103228
15899401135,0,9.990837764861194,193.20578002929688,-13.784102439880371,0.0019917297177016735
15924401136,0,9.997443987167083,193.207275390625,-13.655129432678223,0.002018585102632642
15949401136,0,10.003262285300835,193.20880126953125,-13.525026321411133,0.0020186614710837603
15974401136,0,10.008330166467267,193.2103271484375,-13.39376449584961,0.0020029449369758368
15999401137,0,10.01270220209909,193.21188354492188,-13.261314392089844,0.0019786835182458162
16024401137,0,10.016400137187292,193.2134552001953,-13.127659797668457,0.0019505691016092896
16049401137,0,10.019464415070034,193.2150115966797,-12.992778778076172,0.0019214629428461194
16074401138,0,10.021906520022037,193.21661376953125,-12.856663703918457,0.0018931960221379995
16099401138,0,10.023752163394,193.2182159423828,-12.719297409057617,0.0018666839459910989
16124401139,0,10.025003213418954,193.21983337402344,-12.58067512512207,0.0018423843430355191
16149401139,0,10.02568708656119,193.2214813232422,-12.440788269042969,0.0018205642700195312
16174401139,0,10.025806071067857,193.22311401367188,-12.299631118774414,0.001801299978978932
16199401140,0,10.025374645156905,193.2248077392578,-12.157201766967773,0.0017844008980318904
16224401140,0,10.024405541368985,193.2264862060547,-12.013494491577148,0.0017698287265375257
16249401140,0,10.022898204960681,193.22816467285156,-11.868508338928223,0.0017569350311532617
16274401141,0,10.020863445066437,193.22987365722656,-11.722243309020996,0.0017459106165915728
16299401141,0,10.01833255609006,193.23159790039062,-11.574699401855469,0.001736450125463307
16324401142,0,10.015333217585736,193.23333740234375,-11.425873756408691,0.0017284011701121926
16349401142,0,10.011908889405767,193.23509216308594,-11.275769233703613,0.001721458393149078
16374401142,0,10.008152989223593,193.23684692382812,-11.12438678741455,0.0017155074747279286
16399401143,0,10.004195159326663,193.2386474609375,-10.971728324890137,0.0017105484148487449
16424401143,0,10.000152837055648,193.24044799804688,-10.817794799804688,0.001706352224573493
16449401143,0,9.99614965685904,193.2422637939453,-10.662589073181152,0.0017028426518663764
16474401144,0,9.992292885689736,193.2440948486328,-10.50611400604248,0.0016998290084302425
16499401144,0,9.988688716999038,193.2459259033203,-10.34837532043457,0.0016974258469417691
16524401145,0,9.985407283217887,193.247802734375,-10.189375877380371,0.0016953276935964823
16549401145,0,9.982536213881913,193.2496795654297,-10.029122352600098,0.0016936874017119408
16574401145,0,9.98015294578364,193.25157165527344,-9.867618560791016,0.0016923522343859076
16599401146,0,9.978307797535606,193.25347900390625,-9.70487117767334,0.0016912459395825863
16624401146,0,9.977075477088839,193.25538635253906,-9.540885925292969,0.001690559322014451
16649401146,0,9.976530903572478,193.25733947753906,-9.3756685256958,0.0016899489564821124
16674401147,0,9.97672986382199,193.25929260253906,-9.209224700927734,0.0016896056476980448
16699401147,0,9.9777298330069,193.26126098632812,-9.0415620803833,0.0016893385909497738
16724401148,0,9.979542231375284,193.2632598876953,-8.872684478759766,0.001689224154688418
16749401148,0,9.982185517995756,193.26524353027344,-8.702601432800293,0.0016893005231395364
16774401148,0,9.985688208777935,193.2672882080078,-8.531317710876465,0.0016893005231395364
16799401149,0,9.990071765534905,193.26931762695312,-8.358840942382812,0.0016896056476980448
16824401149,0,9.995402763270025,193.2713623046875,-8.185176849365234,0.0016898727044463158
16849401149,0,10.001717967239445,193.2734375,-8.010332107543945,0.00169029226526618
16874401150,0,10.009006709262675,193.27554321289062,-7.834313869476318,0.001690673758275807
16899401150,0,10.017301594888197,193.27764892578125,-7.65712833404541,0.0016910552512854338
16924401151,0,10.026625035620723,193.27975463867188,-7.478781700134277,0.0016915129963308573
16949401151,0,10.03704113749832,193.2819061279297,-7.299281597137451,0.001692123361863196
16974401151,0,10.048610933416885,193.28407287597656,-7.11863374710083,0.0016926574753597379
16999401152,0,10.06135869985853,193.28623962402344,-6.9368462562561035,0.0016932678408920765
17024401152,0,10.075316507175234,193.2884521484375,-6.7539238929748535,0.0016938780900090933
17049401152,0,10.090511979548273,193.29067993164062,-6.569874286651611,0.001694488455541432
17074401153,0,10.106995785920077,193.29290771484375,-6.38470458984375,0.0016952132573351264
17099401153,0,10.124844651954287,193.295166015625,-6.198419094085693,0.001695823622867465
17124401153,0,10.144177952863831,193.29745483398438,-6.011025905609131,0.0016964339883998036
17149401154,0,10.16509420469401,193.2997589111328,-5.822531700134277,0.0016971587901934981
17174401154,0,10.187664741405811,193.3020782470703,-5.632941722869873,0.0016978835919871926
17199401155,0,10.211924459466355,193.30441284179688,-5.442263603210449,0.001698570209555328
17224401155,0,10.237900884776824,193.30679321289062,-5.250502586364746,0.0016992950113490224
17249401155,0,10.265607660750314,193.30917358398438,-5.057666301727295,0.0016998290084302425
17274401156,0,10.295054667068452,193.31158447265625,-4.863760471343994,0.001700668246485293
17299401156,0,10.326238238174174,193.31402587890625,-4.668790340423584,0.0017013930482789874
17324401156,0,10.359108133797882,193.31646728515625,-4.472763538360596,0.0017020797822624445
17349401157,0,10.393619030110223,193.31893920898438,-4.2756853103637695,0.0017026900313794613
17374401157,0,10.429747477903613,193.32142639160156,-4.07756233215332,0.0017034148331731558
17399401158,0,10.467430672646726,193.32395935058594,-3.8784005641937256,0.0017041015671566129
17424401158,0,10.506592899694137,193.3264923095703,-3.678205728530884,0.0017048644367605448
17449401158,0,10.547141217005187,193.3290557861328,-3.4769842624664307,0.0017056274227797985
17474401159,0,10.588983853108797,193.33163452148438,-3.2747421264648438,0.0017062758561223745
17499401159,0,10.63202977757106,193.33425903320312,-3.0714848041534424,0.0017069625901058316
17524401159,0,10.676160598379306,193.33688354492188,-2.8672192096710205,0.0017076110234484076
17549401160,0,10.721282469471427,193.3395233154297,-2.6619505882263184,0.001708297641016543
17574401160,0,10.767310893028283,193.3422088623047,-2.4556849002838135,0.0017090224428102374
17599401161,0,10.814163668858926,193.3448944091797,-2.2484281063079834,0.001709632808342576
17624401161,0,10.861796137926618,193.3476104736328,-2.0401854515075684,0.0017103576101362705
17649401161,0,10.910168249842535,193.35032653808594,-1.830963373184204,0.0017110061598941684
17674401162,0,10.95925226146091,193.3531036376953,-1.62076735496521,0.0017115783412009478
17699401162,0,11.009026729422812,193.35585021972656,-1.4096028804779053,0.001712379395030439
17724401162,0,11.059488934768797,193.358642578125,-1.1974759101867676,0.0017128753243014216
17749401163,0,11.110632024634542,193.36146545410156,-0.9843916893005371,0.0017136763781309128
17774401163,0,11.162426865391462,193.36427307128906,-0.7703561186790466,0.0017143631121143699
17799401164,0,11.21482574388021,193.36712646484375,-0.5553746819496155,0.0017149352934211493
17824401164,0,11.267807987753296,193.36997985839844,-0.3394527733325958,0.0017155837267637253
17849401164,0,11.321374391852576,193.37286376953125,-0.12259597331285477,0.001716194092296064
17874401165,0,11.37549625137962,193.375732421875,0.09519027173519135,0.0017168426420539618
17899401165,0,11.430095749683,193.378662109375,0.31390056014060974,0.0017174910753965378
17924401165,0,11.485060700496456,193.38157653808594,0.53352952003479,0.0017181396251544356
17949401166,0,11.5403194904757,193.38450622558594,0.7540719509124756,0.0017187880584970117
17974401166,0,11.595795900090652,193.38748168945312,0.9755221605300903,0.0017194366082549095
17999401167,0,11.651390151882325,193.3904266357422,1.1978751420974731,0.001720008789561689
18024401167,0,11.707015777257133,193.3933868408203,1.4211257696151733,0.0017205809708684683
18049401167,0,11.762580557468413,193.3964080810547,1.6452685594558716,0.001721191336400807
18074401168,0,11.818014418693322,193.3994140625,1.8702986240386963,0.0017218017019331455
18099401168,0,11.873261136428606,193.4024200439453,2.096210241317749,0.0017224502516910434
18124401168,0,11.92823907145704,193.4054412841797,2.3229990005493164,0.0017230224329978228
18149401169,0,11.984103877196778,193.4084930419922,2.5506591796875,0.0017237854190170765
18174401169,0,12.040892648955415,193.41151428222656,2.7791860103607178,0.0017243576003238559
18199401170,0,12.098603932516173,193.41456604003906,3.0085744857788086,0.0017248535295948386
18224401170,0,12.157234289370768,193.4176483154297,3.2388195991516113,0.0017255019629374146
18249401170,0,12.21677510436465,193.4207305908203,3.4699156284332275,0.0017260360764339566
18274401171,0,12.277221962246273,193.423828125,3.7018587589263916,0.0017266464419662952
18299401171,0,12.33856920385154,193.4269256591797,3.9346437454223633,0.0017272186232730746
18324401171,0,12.400814176828801,193.4300537109375,4.168265342712402,0.0017277526203542948
18349401172,0,12.463949766052586,193.4331817626953,4.402719020843506,0.0017282867338508368
18374401172,0,12.527972041748637,193.43630981445312,4.638000011444092,0.0017288970993831754
18399401172,0,12.59287528955486,193.439453125,4.874102592468262,0.0017294692806899548
18424401173,0,12.658656958083263,193.44261169433594,5.11102294921875,0.001730003277771175
18449401173,0,12.725312940221446,193.44580078125,5.348756790161133,0.0017306136433035135
18474401174,0,12.792834474689787,193.44895935058594,5.587298393249512,0.0017311095725744963
18499401174,0,12.861221323498892,193.45211791992188,5.826643466949463,0.0017316817538812757
18524401174,0,12.930466794267849,193.45529174804688,6.066786766052246,0.0017323303036391735
18549401175,0,13.000567863930192,193.4584503173828,6.307724952697754,0.001732788048684597
18574401175,0,13.07151866281857,193.46163940429688,6.549452304840088,0.0017332457937300205
18599401175,0,13.143315852896322,193.46484375,6.791965007781982,0.0017337799072265625
18624401176,0,13.215952932438725,193.46800231933594,7.035258769989014,0.0017344283405691385
18649401176,0,13.288908025746839,193.47119140625,7.279327869415283,0.0017349242698401213
18674401177,0,13.360912031029564,193.474365234375,7.524168014526367,0.0017353057628497481
18699401177,0,13.432092287382382,193.4775390625,7.769775867462158,0.0017359541961923242
18724401177,0,13.502492043864065,193.480712890625,8.016145706176758,0.0017364120576530695
18749401178,0,13.572144997631963,193.48390197753906,8.263274192810059,0.0017369842389598489
18774401178,0,13.641077209064967,193.487060546875,8.51115608215332,0.001737518236041069
18799401178,0,13.709308572721474,193.49020385742188,8.759787559509277,0.001738052349537611
18824401179,0,13.776859840649905,193.4933624267578,9.00916576385498,0.0017384719103574753
18849401179,0,13.843740076951796,193.4965057373047,9.259283065795898,0.0017389296554028988
18874401180,0,13.909960740944335,193.49960327148438,9.510137557983398,0.001739501953125
18899401180,0,13.975531165059163,193.50271606445312,9.761724472045898,0.0017401123186573386
18924401180,0,14.040455831589005,193.5057830810547,10.014039039611816,0.001740531879477203
18949401181,0,14.104740459867488,193.50881958007812,10.267077445983887,0.0017409896245226264
18974401181,0,14.168389577271373,193.51185607910156,10.52083683013916,0.0017414855537936091
18999401181,0,14.231406240066512,193.51486206054688,10.775312423706055,0.0017419052310287952
19024401182,0,14.293787254884137,193.517822265625,11.030497550964355,0.001742515480145812
19049401182,0,14.355538667344772,193.52078247070312,11.286391258239746,0.0017429733416065574
19074401183,0,14.416655672833354,193.523681640625,11.542987823486328,0.0017433929024264216
19099401183,0,14.477141154362068,193.52658081054688,11.800284385681152,0.0017438125796616077
19124401183,0,14.536993145320032,193.52943420410156,12.058276176452637,0.0017442703247070312
19149401184,0,14.5962090244692,193.5322265625,12.316959381103516,0.0017448425060138106
19174401184,0,14.654787498353706,193.5349884033203,12.576329231262207,0.0017452239990234375
19199401184,0,14.71272768060644,193.53773498535156,12.836382865905762,0.0017457961803302169
19224401185,0,14.770025116381328,193.54042053222656,13.097115516662598,0.001746330177411437
19249401185,0,14.826677315572427,193.54306030273438,13.358522415161133,0.0017466736026108265
19274401186,0,14.88268500661311,193.545654296875,13.62060260772705,0.00174713134765625
19299401186,0,14.938042787121956,193.54820251464844,13.883350372314453,0.0017475890927016735
19324401186,0,14.992749037459996,193.5507049560547,14.14676284790039,0.0017479705857113004
19349401187,0,15.04680087648267,193.55311584472656,14.410834312438965,0.0017485045827925205
19374401187,0,15.100195633204567,193.55552673339844,14.675562858581543,0.0017488098237663507
19399401187,0,15.152929570698454,193.55784606933594,14.940943717956543,0.0017494582571089268
19424401188,0,15.204998391820235,193.56011962890625,15.2069730758667,0.0017498015658929944
19449401188,0,15.256399846531153,193.56231689453125,15.473648071289062,0.0017502212431281805
19474401189,0,15.307129888015707,193.564453125,15.740964889526367,0.0017507171723991632
19499401189,0,15.357186183407295,193.56654357910156,16.00891876220703,0.0017510222969576716
19524401189,0,15.406563593549391,193.56857299804688,16.27750587463379,0.001751594478264451
19549401190,0,15.455261107742084,193.5705108642578,16.546724319458008,0.001751975971274078
19574401190,0,15.503275160731034,193.57237243652344,16.816570281982422,0.0017524337163195014
19599401190,0,15.550599964131457,193.57418823242188,17.0870361328125,0.001752777025103569
19624401191,0,15.597243072042797,193.57595825195312,17.358123779296875,0.0017532729543745518
19649401191,0,15.643212142166615,193.57763671875,17.62982749938965,0.0017536544473841786
19674401191,0,15.68852920712968,193.57920837402344,17.902141571044922,0.001753959571942687
19699401192,0,15.73324039452904,193.5807342529297,18.175065994262695,0.001754341064952314
19724401192,0,15.777399913157144,193.58218383789062,18.44859504699707,0.0017548751784488559
19749401193,0,15.821093154308684,193.58355712890625,18.72272491455078,0.0017552947392687201
19774401193,0,15.864425489454721,193.5848388671875,18.997453689575195,0.0017557524843141437
19799401193,0,15.90750826099106,193.58604431152344,19.272777557373047,0.0017560195410624146
19824401194,0,15.950458763309099,193.5872039794922,19.54869270324707,0.0017563628498464823
19849401194,0,15.993392884456684,193.5882568359375,19.825197219848633,0.0017568205948919058
19874401194,0,16.036426711328357,193.5892333984375,20.102285385131836,0.0017572784563526511
19899401195,0,16.07967335432853,193.5901336669922,20.37995147705078,0.0017575835809111595
19924401195,0,16.12323867134027,193.59091186523438,20.658199310302734,0.001758041325956583
19949401196,0,16.16721132822947,193.5916290283203,20.937021255493164,0.0017584610031917691
19974401196,0,16.21167368930407,193.59225463867188,21.216415405273438,0.0017587661277502775
19999401196,0,16.25666959825499,193.59280395507812,21.496374130249023,0.0017591476207599044
20024401197,0,16.30225220801954,193.59329223632812,21.776899337768555,0.0017596435500308871
20049401197,0,16.348458240793246,193.5936737060547,22.057985305786133,0.0017599486745893955
20074401197,0,16.395323249596675,193.5939483642578,22.33962631225586,0.0017602919833734632
20099401198,0,16.442881635519264,193.5941619873047,22.621826171875,0.0017606352921575308
20124401198,0,16.491141035049033,193.59426879882812,22.904577255249023,0.0017609787173569202
20149401199,0,16.54011418447432,193.59432983398438,23.187877655029297,0.0017613600939512253
20174401199,0,16.589803796613776,193.59426879882812,23.47171974182129,0.0017617415869608521
20199401199,0,16.640219833986983,193.5941162109375,23.756107330322266,0.0017621612641960382
20224401200,0,16.691369114233385,193.59390258789062,24.041032791137695,0.0017625045729801059
20249401200,0,16.743247122857564,193.5935821533203,24.326494216918945,0.001762771513313055
20274401200,0,16.79586334660484,193.59320068359375,24.61248779296875,0.0017632293747738004
20299401201,0,16.849220922265697,193.59271240234375,24.89900779724121,0.0017635344993323088
20324401201,0,16.90333037227193,193.5921173095703,25.186059951782227,0.0017639159923419356
20349401202,0,16.958179971230173,193.59146118164062,25.4736328125,0.0017643737373873591
20374401202,0,17.01377252999799,193.59071350097656,25.76172637939453,0.0017646788619458675
20399401202,0,17.070104584363875,193.58990478515625,26.050336837768555,0.0017649459186941385
20424401203,0,17.127171553414417,193.58897399902344,26.339462280273438,0.0017653274117037654
20449401203,0,17.184976231590948,193.5879669189453,26.629100799560547,0.0017657089047133923
20474401203,0,17.243497814245,193.5868682861328,26.919246673583984,0.0017659759614616632
20499401204,0,17.30271960355302,193.585693359375,27.20989990234375,0.0017662810860201716
20524401204,0,17.362613726961442,193.58444213867188,27.501054763793945,0.0017666625790297985
20549401205,0,17.423165130695406,193.58311462402344,27.792707443237305,0.0017671585083007812
20574401205,0,17.48438065198371,193.5817108154297,28.084857940673828,0.001767387380823493
20599401205,0,17.54627968199325,193.58018493652344,28.377504348754883,0.0017677306896075606
20624401206,0,17.60889883691657,193.5785675048828,28.670639038085938,0.0017679595621302724
20649401206,0,17.67224566853494,193.57688903808594,28.964262008666992,0.0017683410551398993
20674401206,0,17.73632141540355,193.57513427734375,29.258373260498047,0.0017686843639239669
20699401207,0,17.801113503522238,193.57327270507812,29.55296516418457,0.0017688750522211194
20724401207,0,17.866588590856203,193.5713653564453,29.84803581237793,0.0017693709814921021
20749401208,0,17.93270643067115,193.56936645507812,30.143583297729492,0.0017697142902761698
20774401208,0,17.999411815672183,193.56727600097656,30.43959617614746,0.0017700957832857966
20799401208,0,18.066655960181407,193.5651397705078,30.736068725585938,0.0017705154605209827
20824401209,0,18.134390552989846,193.56292724609375,31.03299331665039,0.0017709732055664062
20849401209,0,18.202564034207814,193.56063842773438,31.330358505249023,0.0017716216389089823
20874401209,0,18.271149454626187,193.5582733154297,31.62816047668457,0.001772117568179965
20899401210,0,18.340107656374293,193.5558624267578,31.9263858795166,0.0017728041857481003
20924401210,0,18.409411899944853,193.55332946777344,32.22502517700195,0.0017736053559929132
20949401210,0,18.47903455086098,193.5507354736328,32.52406692504883,0.0017744064098224044
20974401211,0,18.548947019593726,193.54808044433594,32.82350158691406,0.0017752456478774548
20999401211,0,18.619112947547116,193.5453643798828,33.12331771850586,0.001776046701706946
21024401212,0,18.68949027199171,193.54257202148438,33.42350387573242,0.0017770385602489114
21049401212,0,18.760049390781464,193.53970336914062,33.724056243896484,0.0017779922345653176
21074401212,0,18.830758742650826,193.53677368164062,34.02495193481445,0.0017790221609175205
21099401213,0,18.90160582488254,193.53378295898438,34.32618713378906,0.0017800902714952826
21124401213,0,18.972579009462493,193.5307159423828,34.627750396728516,0.0017811583820730448
21149401213,0,19.043676172812617,193.527587890625,34.92963409423828,0.0017822646768763661
21174401214,0,19.11490090177556,193.5244140625,35.2318229675293,0.001783409039489925
21199401214,0,19.186252026134095,193.52114868164062,35.53430938720703,0.0017846679547801614
21224401215,0,19.257721671098835,193.51785278320312,35.83707809448242,0.0017858123173937201
21249401215,0,19.3293252355887,193.51446533203125,36.1401252746582,0.0017869186121970415
21274401215,0,19.4010702197423,193.5110321044922,36.44343948364258,0.0017881011590361595
21299401216,0,19.47296423395288,193.50755310058594,36.74700927734375,0.0017892455216497183
21324401216,0,19.545013045478797,193.50401306152344,37.05083084106445,0.0017903900006785989
21349401216,0,19.61720736713372,193.50042724609375,37.35488510131836,0.001791458111256361
21374401217,0,19.689562187129688,193.4967803955078,37.659175872802734,0.001792640658095479
21399401217,0,19.762071836973483,193.49305725097656,37.96368408203125,0.0017937469528988004
21424401218,0,19.834733984178936,193.48931884765625,38.26840591430664,0.0017948150634765625
21449401218,0,19.907543140556953,193.48550415039062,38.57332992553711,0.0017959976103156805
21474401218,0,19.98048401128727,193.4816131591797,38.87845230102539,0.0017970657208934426
21499401219,0,20.05354685702761,193.4777069091797,39.18376922607422,0.0017980193952098489
21524401219,0,20.126693423190165,193.47377014160156,39.4892578125,0.0017992019420489669
21549401219,0,20.199929558295054,193.46974182128906,39.79492950439453,0.001800117432139814
21574401220,0,20.2732283423998,193.4656982421875,40.100765228271484,0.0018010711064562201
21599401220,0,20.346576503190665,193.4615936279297,40.40676498413086,0.0018020247807726264
21624401221,0,20.41994946709851,193.4574432373047,40.71291732788086,0.0018030166393145919
21649401221,0,20.493336037526074,193.45323181152344,41.01921844482422,0.001803817693144083
21674401221,0,20.566728118652353,193.4490203857422,41.32565689086914,0.0018047713674604893
21699401222,0,20.640133518175155,193.4447479248047,41.63223648071289,0.0018058012938126922
21724401222,0,20.713557944849658,193.4404296875,41.93894958496094,0.0018065260956063867
21749401222,0,20.7869876794516,193.43609619140625,42.245784759521484,0.0018074035178869963
21774401223,0,20.86044043286514,193.43170166015625,42.55274963378906,0.00180816650390625
21799401223,0,20.933900579552354,193.42726135253906,42.859825134277344,0.0018088913056999445
21824401224,0,21.00736824925181,193.42279052734375,43.16701126098633,0.0018096159910783172
21849401224,0,21.080841448465847,193.41827392578125,43.474300384521484,0.0018103407928720117
21874401224,0,21.154327564083143,193.4137420654297,43.78169250488281,0.0018110275268554688
21899401225,0,21.227822914608257,193.4091796875,44.08918762207031,0.001811714144423604
21924401225,0,21.30133122258064,193.40457153320312,44.39677047729492,0.0018124389462172985
21949401225,0,21.374867495429875,193.39993286132812,44.70444869995117,0.0018129729432985187
21974401226,0,21.448437514061265,193.39524841308594,45.012210845947266,0.0018136977450922132
21999401226,0,21.52204889248138,193.39056396484375,45.32005310058594,0.001814193674363196
22024401227,0,21.595722597932095,193.38583374023438,45.62797164916992,0.0018147658556699753
22049401227,0,21.66948349529841,193.38107299804688,45.935970306396484,0.0018152999691665173
22074401227,0,21.743331495318046,193.37628173828125,46.244041442871094,0.0018157958984375
22099401228,0,21.817282417486393,193.3714599609375,46.552181243896484,0.0018164825160056353
22124401228,0,21.89136056869319,193.3666229248047,46.860389709472656,0.0018168640090152621
22149401228,0,21.96557970317186,193.3617401123047,47.16865539550781,0.0018172073177993298
22174401229,0,22.03997796556121,193.3568572998047,47.476985931396484,0.0018178557511419058
22199401229,0,22.11455162285586,193.3519287109375,47.78537368774414,0.0018181228078901768
22224401229,0,22.18930789245139,193.3470001220703,48.09381866455078,0.0018186569213867188
22249401230,0,22.264228438145807,193.34202575683594,48.402313232421875,0.0018189620459452271
22274401230,0,22.339316910294475,193.33702087402344,48.71086502075195,0.0018194197909906507
22299401231,0,22.414558133344197,193.33200073242188,49.01946258544922,0.0018197250319644809
22324401231,0,22.48994439608117,193.3269805908203,49.32810592651367,0.0018200301565229893
22349401231,0,22.565469976826314,193.32192993164062,49.63679504394531,0.0018204879015684128
22374401232,0,22.641116299740368,193.3168487548828,49.945526123046875,0.0018207549583166838
22399401232,0,22.716863631113615,193.31175231933594,50.254295349121094,0.0018210220150649548
22424401232,0,22.792689415342085,193.306640625,50.56310272216797,0.0018214035080745816
22449401233,0,22.868576321948307,193.30149841308594,50.871952056884766,0.0018216704484075308
22474401233,0,22.944512907998288,193.29635620117188,51.18083953857422,0.0018220137571915984
22499401234,0,23.02049751944836,193.2911834716797,51.48976135253906,0.0018220901256427169
22524401234,0,23.09651863134084,193.2860107421875,51.79871368408203,0.0018224716186523438
22549401234,0,23.172585698945948,193.28082275390625,52.10770034790039,0.0018226623069494963
22574401235,0,23.248700461678986,193.27560424804688,52.41671371459961,0.0018229293636977673
22599401235,0,23.324874448884195,193.2703857421875,52.72575378417969,0.0018231200519949198
22624401235,0,23.4011210979819,193.26513671875,53.034828186035156,0.00182342529296875
22649401236,0,23.477436682856105,193.25985717773438,53.34392547607422,0.0018236159812659025
22674401236,0,23.553837853805344,193.25460815429688,53.65304946899414,0.001823806669563055
22699401237,0,23.630330936692438,193.2493133544922,53.962196350097656,0.0018239592900499701
22724401237,0,23.706926943546136,193.2440185546875,54.271366119384766,0.0018241119105368853
22749401237,0,23.78363359012753,193.23870849609375,54.58055877685547,0.001824340783059597
22774401238,0,23.860464139162335,193.2333984375,54.889774322509766,0.0018245696555823088
22799401238,0,23.93741104849473,193.22805786132812,55.19900894165039,0.0018247603438794613
22824401238,0,24.014470325952285,193.22271728515625,55.50825881958008,0.0018247985281050205
22849401239,0,24.091666763924486,193.21737670898438,55.81753158569336,0.0018249893328174949
22874401239,0,24.16900027164879,193.2119903564453,56.12682342529297,0.0018251418368890882
22899401240,0,24.246463038002364,193.2066192626953,56.43613052368164,0.001825256273150444
22924401240,0,24.32406096068817,193.20123291015625,56.745452880859375,0.0018254088936373591
22949401240,0,24.401784500377463,193.19586181640625,57.05479431152344,0.0018254851456731558
22974401241,0,24.47960376881634,193.19046020507812,57.36414337158203,0.001825637766160071
22999401241,0,24.557511048110495,193.18505859375,57.67351531982422,0.0018257522024214268
23024401241,0,24.635460202701633,193.17962646484375,57.98289489746094,0.0018258284544572234
23049401242,0,24.713440060328857,193.17420959472656,58.29228973388672,0.0018259430071339011
23074401242,0,24.791424010859647,193.1687774658203,58.6016960144043,0.0018259810749441385
23099401243,0,24.869392801607095,193.16336059570312,58.91111755371094,0.001826057443395257
23124401243,0,24.947343077182015,193.15792846679688,59.22054672241211,0.0018261718796566129
23149401243,0,25.025263675472438,193.15245056152344,59.52998352050781,0.0018262863159179688
23174401244,0,25.103138516784384,193.14698791503906,59.83943557739258,0.0018263243837282062
23199401244,0,25.180956342623546,193.14154052734375,60.14889907836914,0.001826438819989562
23224401244,0,25.258705804988402,193.1360626220703,60.4583740234375,0.0018265914404764771
23249401245,0,25.336386814745715,193.13059997558594,60.76785659790039,0.0018265151884406805
23274401245,0,25.4140037547397,193.12515258789062,61.07734298706055,0.0018266676925122738
23299401246,0,25.491575996340774,193.11968994140625,61.3868408203125,0.0018267821287736297
23324401246,0,25.569118531468884,193.11419677734375,61.696346282958984,0.001826820312999189
23349401246,0,25.646631183541327,193.1086883544922,62.005859375,0.0018267821287736297
23374401247,0,25.724112992781613,193.1031951904297,62.31538009643555,0.0018269347492605448
23399401247,0,25.801552995776074,193.09768676757812,62.62490463256836,0.001826972933486104
23424401247,0,25.878970070235095,193.09217834472656,62.9344367980957,0.0018271255539730191
23449401248,0,25.956364313041828,193.086669921875,63.24397659301758,0.0018270491855219007
23474401248,0,26.033750981841123,193.08116149902344,63.553524017333984,0.0018270491855219007
23499401248,0,26.111129774364038,193.07568359375,63.863075256347656,0.0018272780580446124
23524401249,0,26.188512533173455,193.07017517089844,64.17263793945312,0.0018272018060088158
23549401249,0,26.265895241046515,193.06466674804688,64.48219299316406,0.001827239990234375
23574401250,0,26.343300988351764,193.0591583251953,64.79176330566406,0.0018272780580446124
23599401250,0,26.42072926059842,193.05364990234375,65.10133361816406,0.0018273924943059683
23624401250,0,26.498199226509946,193.0481414794922,65.41091918945312,0.0018273924943059683
23649401251,0,26.575691911822048,193.04263305664062,65.72049713134766,0.0018273544264957309
23674401251,0,26.65322236046909,193.03713989257812,66.03008270263672,0.0018274688627570868
23699401251,0,26.73078685670159,193.03163146972656,66.33967590332031,0.0018275451147928834
23724401252,0,26.80837395183841,193.02609252929688,66.6492691040039,0.0018275832990184426
23749401252,0,26.88597633132218,193.02053833007812,66.95886993408203,0.0018275451147928834
23774401253,0,26.963582230343814,193.01499938964844,67.26847076416016,0.0018275451147928834
23799401253,0,27.041195459527504,193.0094451904297,67.57807922363281,0.0018275069305673242
23824401253,0,27.11880817045248,193.00390625,67.88768768310547,0.0018276595510542393
23849401254,0,27.196409453769785,192.99835205078125,68.19729614257812,0.00182762136682868
23874401254,0,27.274022196845564,192.99281311035156,68.50691986083984,0.0018276977352797985
23899401254,0,27.35161991475314,192.9872589111328,68.81653594970703,0.0018276977352797985
23924401255,0,27.429183318114845,192.98171997070312,69.12615203857422,0.0018278121715411544
23949401255,0,27.506686032757816,192.97616577148438,69.43578338623047,0.0018277739873155951
23974401256,0,27.584093620738326,192.9706268310547,69.74540710449219,0.001827735803090036
23999401256,0,27.661379713548865,192.965087890625,70.05503845214844,0.001827735803090036
24024401256,0,27.73854061479443,192.9595489501953,70.36466979980469,0.0018278121715411544
24049401257,0,27.815572854160607,192.95399475097656,70.67430114746094,0.001827888423576951
24074401257,0,27.892495520152032,192.94845581054688,70.98394012451172,0.0018278121715411544
24099401257,0,27.969308968963862,192.94290161132812,71.2935791015625,0.0018278121715411544
24124401258,0,28.046013113406538,192.93736267089844,71.60321807861328,0.0018278503557667136
24149401258,0,28.12261885102638,192.9318084716797,71.91285705566406,0.0018278121715411544
24174401259,0,28.19911798983402,192.92626953125,72.22249603271484,0.001827888423576951
