ts,agent_id,x,y,z,v
2117348100,0,192.36241149902344,-86.26268005371094,0.5393258333206177,0.0
2142348101,0,192.36241149902344,-86.26268005371094,0.4919061064720154,0.0
2167348101,0,192.36241149902344,-86.26268005371094,0.4383743107318878,0.0
2192348102,0,192.36241149902344,-86.26268005371094,0.3787320554256439,0.0
2217348102,0,192.36241149902344,-86.26268005371094,0.31298086047172546,0.0
2242348102,0,192.36241149902344,-86.26268005371094,0.24112220108509064,0.0
2267348103,0,192.36241149902344,-86.26268005371094,0.16315768659114838,0.0
2292348103,0,192.36241149902344,-86.26268005371094,0.08290393650531769,0.0
2317348103,0,192.36241149902344,-86.26268005371094,0.026514854282140732,3.629373884932729e-08
2342348104,0,192.36241149902344,-86.26268005371094,-0.008726844564080238,8.504177543123321e-08
2367348104,0,192.36241149902344,-86.26268005371094,-0.029134521260857582,4.067214758705032e-08
2392348105,0,192.36241149902344,-86.26268005371094,-0.03932075574994087,8.346801057503173e-08
2417348105,0,192.36241149902344,-86.26268005371094,-0.04107673466205597,0.0002859349997187967
2442348105,0,192.36244201660156,-86.26265716552734,-0.03865554556250572,0.001158853376993098
2467348106,0,192.36241149902344,-86.26264190673828,-0.034043312072753906,0.00048324912840735603
2492348106,0,192.36241149902344,-86.26263427734375,-0.028247259557247162,0.00013347955173816407
2517348106,0,192.36241149902344,-86.26263427734375,-0.02195255272090435,4.46788997919058e-05
2542348107,0,192.36241149902344,-86.26263427734375,-0.015612220391631126,0.00012733041697361356
2567348107,0,192.36241149902344,-86.26263427734375,-0.009513778612017632,0.0001608019774548424
2592348108,0,192.36244201660156,-86.26264190673828,-0.003827972337603569,0.00016951080327755298
2617348108,0,192.36244201660156,-86.26264190673828,0.0013550185831263661,0.00016428073594234715
2642348108,0,192.36244201660156,-86.26264190673828,0.005999984685331583,0.00015274137949595982
2667348109,0,192.36244201660156,-86.26265716552734,0.01010768860578537,0.00013928269638407891
2692348109,0,192.36244201660156,-86.26265716552734,0.013701400719583035,0.00012414219288992912
2717348109,0,192.36244201660156,-86.26265716552734,0.016817854717373848,0.00011066760135608684
2742348110,0,192.36245727539062,-86.26266479492188,0.01950054056942463,9.780100672965544e-05
2767348110,0,192.36245727539062,-86.26266479492188,0.021795349195599556,8.59233469262714e-05
2792348111,0,192.36245727539062,-86.26266479492188,0.023747749626636505,7.497711469118566e-05
2817348111,0,192.36245727539062,-86.26266479492188,0.02540103904902935,6.553285914593327e-05
2842348111,0,192.36245727539062,-86.2626724243164,0.026795310899615288,5.7317167321875295e-05
2867348112,0,192.36245727539062,-86.2626724243164,0.02796676568686962,5.0075657432598654e-05
2892348112,0,192.36245727539062,-86.2626724243164,0.028947867453098297,4.3535240910656755e-05
2917348112,0,192.36245727539062,-86.2626724243164,0.0297671128064394,3.829983813880424e-05
2942348113,0,192.36245727539062,-86.2626724243164,0.030449332669377327,3.337914730238394e-05
2967348113,0,192.36245727539062,-86.2626724243164,0.03101608157157898,2.92311220098113e-05
2992348114,0,192.36245727539062,-86.2626724243164,0.03148593753576279,2.540315949156903e-05
3017348114,0,192.36245727539062,-86.2626724243164,0.03187461942434311,2.195279197111377e-05
3042348114,0,192.36245727539062,-86.2626724243164,0.03219558671116829,1.891078318572148e-05
3067348115,0,192.36245727539062,-86.2626724243164,0.03246017545461655,1.6754391052321105e-05
3092348115,0,192.36245727539062,-86.2626724243164,0.03267795592546463,1.408093705697411e-05
3117348115,0,192.36245727539062,-86.2626724243164,0.03285682573914528,1.2329266006493298e-05
3142348116,0,192.36245727539062,-86.2626724243164,0.03300369158387184,1.1036383545193499e-05
3167348116,0,192.36245727539062,-86.2626724243164,0.03312404453754425,9.447799711748296e-06
3192348117,0,192.36245727539062,-86.2626724243164,0.033222541213035583,8.335806198832979e-06
3217348117,0,192.36245727539062,-86.2626724243164,0.03330310806632042,7.061060853091099e-06
3242348117,0,192.36245727539062,-86.2626724243164,0.033368948847055435,5.9489406693887305e-06
3267348118,0,192.36245727539062,-86.2626724243164,0.03342258557677269,5.460481768131636e-06
3292348118,0,192.36245727539062,-86.26268005371094,0.033466413617134094,4.964366237489404e-06
3317348118,0,192.36245727539062,-86.26268005371094,0.0334714874625206,4.072650945392929e-07
3342348119,0,192.36245727539062,-86.26268005371094,0.0334848016500473,3.249297236554376e-07
3367348119,0,192.36245727539062,-86.26268005371094,0.03350048139691353,3.7980220144302384e-07
3392348119,0,192.36245727539062,-86.26268005371094,0.033516958355903625,4.1196908939279065e-07
3417348120,0,192.36245727539062,-86.26268005371094,0.033533286303281784,4.445478909993525e-07
3442348120,0,192.36245727539062,-86.26268005371094,0.03354877233505249,3.5979535197057726e-07
3467348121,0,192.36245727539062,-86.26268005371094,0.0335630401968956,2.497135960323875e-07
3492348121,0,192.36245727539062,-86.26268005371094,0.03357597440481186,2.9457716124162796e-07
3517348121,0,192.36245727539062,-86.26268005371094,0.0335874930024147,2.3181104153300194e-07
3542348122,0,192.36245727539062,-86.26268005371094,0.0335976779460907,2.1587882694435693e-07
3567348122,0,192.36245727539062,-86.26268005371094,0.033606529235839844,1.5884276398410136e-07
3592348122,0,192.36245727539062,-86.26268005371094,0.033614158630371094,2.1078711833395518e-07
3617348123,0,192.36245727539062,-86.26268005371094,0.033620718866586685,1.396814024845638e-07
3642348123,0,192.36245727539062,-86.26268005371094,0.03362636640667915,1.0086028094889503e-07
3667348124,0,192.36245727539062,-86.26268005371094,0.03363117203116417,7.934833609342428e-08
3692348124,0,192.36245727539062,-86.26268005371094,0.033635254949331284,9.582449862922276e-08
3717348124,0,192.36245727539062,-86.26268005371094,0.0336386114358902,7.978676717389122e-08
3742348125,0,192.36245727539062,-86.26268005371094,0.0336386114358902,1.324571903278986e-07
3767348125,0,192.36245727539062,-86.26268005371094,0.03364013507962227,3.713891490681684e-08
3792348125,0,192.36245727539062,-86.26268005371094,0.0336415097117424,8.651907019763089e-08
3817348126,0,192.36245727539062,-86.26268005371094,0.0336429588496685,1.1729554454807899e-07
3842348126,0,192.36245727539062,-86.26268005371094,0.03364437073469162,2.4540348804345198e-08
3867348127,0,192.36245727539062,-86.26268005371094,0.03364574536681175,1.085258718748697e-07
3892348127,0,192.36245727539062,-86.26268005371094,0.033647000789642334,1.887445823318822e-08
3917348127,0,192.36245727539062,-86.26268005371094,0.03364814817905426,7.721832413266469e-08
3942348128,0,192.36245727539062,-86.26268005371094,0.033649176359176636,5.1395284182589e-08
3967348128,0,192.36245727539062,-86.26268005371094,0.033649176359176636,2.1817490240725123e-08
3992348128,0,192.36245727539062,-86.26268005371094,0.03365089371800423,9.440459667552784e-08
4017348129,0,192.36245727539062,-86.26268005371094,0.03365089371800423,2.1446690039907554e-08
4042348129,0,192.36245727539062,-86.26268005371094,0.03365219011902809,2.1844445459266058e-08
4067348130,0,192.36245727539062,-86.26268005371094,0.03365219011902809,4.941696871975141e-08
4092348130,0,192.36245727539062,-86.26268005371094,0.03365219011902809,4.9027224887409464e-08
4117348130,0,192.36245727539062,-86.26268005371094,0.033653486520051956,7.648797937799472e-08
4142348131,0,192.36245727539062,-86.26268005371094,0.033653486520051956,1.5780777660839186e-08
4167348131,0,192.36245727539062,-86.26268005371094,0.033653486520051956,5.6919018996800854e-08
4192348131,0,192.36245727539062,-86.26268005371094,0.033653486520051956,1.4249949893252718e-07
4217348132,0,192.36245727539062,-86.26268005371094,0.033653486520051956,4.832693036414684e-09
4242348132,0,192.36245727539062,-86.26268005371094,0.033653486520051956,7.282286194195104e-09
4267348133,0,192.36245727539062,-86.26268005371094,0.033653486520051956,6.565638049169455e-09
4292348133,0,192.36245727539062,-86.26268005371094,0.033653486520051956,6.252423619901301e-09
4317348133,0,192.36245727539062,-86.26268005371094,0.03365451842546463,6.245141667950776e-09
4342348134,0,192.36245727539062,-86.26268005371094,0.03365451842546463,2.1076903023330407e-08
4367348134,0,192.36245727539062,-86.26268005371094,0.03365451842546463,4.842955657625756e-09
4392348134,0,192.36245727539062,-86.26268005371094,0.03365451842546463,5.18061733487699e-09
4417348135,0,192.36245727539062,-86.26268005371094,0.03365451842546463,5.595230264107891e-09
4442348135,0,192.36245727539062,-86.26268005371094,0.03365451842546463,5.1027555858117474e-09
4467348136,0,192.36245727539062,-86.26266479492188,0.03365619480609894,0.0013513114157264624
4492348136,0,192.36251831054688,-86.25653839111328,0.03353565186262131,0.3201690732410315
4517348136,0,192.3626708984375,-86.24253845214844,0.033331144601106644,0.6303408071144484
4542348137,0,192.36289978027344,-86.2209243774414,0.033090896904468536,0.931112706522323
4567348137,0,192.36317443847656,-86.19197845458984,0.032845571637153625,1.2220577335744152
4592348137,0,192.36355590820312,-86.15595245361328,0.032612916082143784,1.5028869450082043
4617348138,0,192.36398315429688,-86.1131362915039,0.032403066754341125,1.7734187839861912
4642348138,0,192.36447143554688,-86.06375885009766,0.03222087770700455,2.033569482286998
4667348138,0,192.3650360107422,-86.00809478759766,0.03206786885857582,2.283342935610311
4692348139,0,192.36566162109375,-85.9464111328125,0.0319436639547348,2.5228220970177526
4717348139,0,192.36634826660156,-85.87895202636719,0.03184661641716957,2.7521625373667247
4742348140,0,192.3670654296875,-85.80596160888672,0.0317743681371212,2.9715854855739687
4767348140,0,192.3678436279297,-85.72769165039062,0.031724318861961365,3.1813678892111934
4792348140,0,192.36866760253906,-85.64435577392578,0.03169368579983711,3.3818342333541196
4817348141,0,192.3695068359375,-85.55619049072266,0.031680069863796234,3.573347288686735
4842348141,0,192.37039184570312,-85.46341705322266,0.0316808708012104,3.7562993967578566
4867348141,0,192.37130737304688,-85.36622619628906,0.03169361129403114,3.9311033671033475
4892348142,0,192.37222290039062,-85.26482391357422,0.03171653673052788,4.098232149246297
4917348142,0,192.37315368652344,-85.15938568115234,0.03174743428826332,4.25838300258196
4942348143,0,192.37413024902344,-85.05006408691406,0.03178451582789421,4.412071210490908
4967348143,0,192.37509155273438,-84.93702697753906,0.03182632476091385,4.559636129711526
4992348143,0,192.37606811523438,-84.8204116821289,0.03187164291739464,4.701394219218659
5017348144,0,192.37709045410156,-84.70034790039062,0.03191947937011719,4.837671410738329
5042348144,0,192.37814331054688,-84.57698059082031,0.03196888044476509,4.968788934966801
5067348144,0,192.37918090820312,-84.4504165649414,0.03216686099767685,5.095991029942982
5092348145,0,192.38026428222656,-84.32077026367188,0.032418593764305115,5.218222400553324
5117348145,0,192.38134765625,-84.18814086914062,0.03258155658841133,5.336218218063953
5142348146,0,192.38246154785156,-84.05264282226562,0.032686997205019,5.450232041304007
5167348146,0,192.3835906982422,-83.91436004638672,0.03275546804070473,5.560532860133742
5192348146,0,192.38473510742188,-83.77338409423828,0.03280093893408775,5.66738150786774
5217348147,0,192.38589477539062,-83.6297836303711,0.032832372933626175,5.7710234979222115
5242348147,0,192.38702392578125,-83.48365020751953,0.032855451107025146,5.8716955196888865
5267348147,0,192.38821411132812,-83.33504486083984,0.03287395462393761,5.969613304318643
5292348148,0,192.38937377929688,-83.1840591430664,0.032890014350414276,6.06498150586189
5317348148,0,192.39056396484375,-83.03072357177734,0.03290519490838051,6.157989015264498
5342348149,0,192.3917694091797,-82.87510681152344,0.03292003646492958,6.248808324864714
5367348149,0,192.39303588867188,-82.71724700927734,0.03293498978018761,6.337600027769663
5392348149,0,192.3943328857422,-82.55720520019531,0.03295017033815384,6.424510799296297
5417348150,0,192.39564514160156,-82.39502716064453,0.032965581864118576,6.509676925210306
5442348150,0,192.39700317382812,-82.23074340820312,0.03298107162117958,6.593222908484084
5467348150,0,192.39837646484375,-82.06439208984375,0.03299674764275551,6.675261314506182
5492348151,0,192.3997344970703,-81.8960189819336,0.03301239013671875,6.755894971291966
5517348151,0,192.401123046875,-81.72565460205078,0.03302780166268349,6.835218966005289
5542348152,0,192.40249633789062,-81.55332946777344,0.03304306045174599,6.913318822682924
5567348152,0,192.40383911132812,-81.37907409667969,0.03305801376700401,6.990273830541632
5592348152,0,192.4051971435547,-81.20291137695312,0.033072471618652344,7.066155255599416
5617348153,0,192.4065399169922,-81.0248794555664,0.03308635577559471,7.141032057738092
5642348153,0,192.40794372558594,-80.84497833251953,0.033099785447120667,7.214961526624822
5667348153,0,192.40933227539062,-80.66325378417969,0.03311271592974663,7.287998007228512
5692348154,0,192.41075134277344,-80.4797134399414,0.033125150948762894,7.360192734576033
5717348154,0,192.4121856689453,-80.29438781738281,0.03313705325126648,7.431589100347751
5742348155,0,192.41357421875,-80.10728454589844,0.03314846009016037,7.502230794007353
5767348155,0,192.4149627685547,-79.9184341430664,0.033159177750349045,7.572154673491525
5792348155,0,192.4163360595703,-79.72785186767578,0.03316963091492653,7.641394023594229
5817348156,0,192.41775512695312,-79.5355453491211,0.033179398626089096,7.709985192211587
5842348156,0,192.4191436767578,-79.34153747558594,0.033188704401254654,7.777954316263376
5867348156,0,192.42056274414062,-79.14583587646484,0.033197592943906784,7.845327105245293
5892348157,0,192.4219512939453,-78.9484634399414,0.033206138759851456,7.9121270333904175
5917348157,0,192.42330932617188,-78.74942016601562,0.03321418538689613,7.978377789520909
5942348157,0,192.4246368408203,-78.54874420166016,0.033221855759620667,8.044098096174856
5967348158,0,192.42593383789062,-78.34642028808594,0.03322887420654297,8.10964021236352
5992348158,0,192.42721557617188,-78.14395141601562,0.033268049359321594,8.10209533231741
6017348159,0,192.42849731445312,-77.9415512084961,0.03332557529211044,8.097987666463247
6042348159,0,192.4297637939453,-77.73922729492188,0.033389586955308914,8.094705241223666
6067348159,0,192.43101501464844,-77.53697204589844,0.033453404903411865,8.091649776705781
6092348160,0,192.43228149414062,-77.33479309082031,0.03351329639554024,8.088659120071378
6117348160,0,192.43359375,-77.13267517089844,0.03356792405247688,8.08568824392012
6142348160,0,192.43487548828125,-76.9306411743164,0.033616598695516586,8.08272345087513
6167348161,0,192.43618774414062,-76.7286605834961,0.03365962952375412,8.079761106622865
6192348161,0,192.4375762939453,-76.5267562866211,0.033697281032800674,8.076795829968663
6217348162,0,192.43899536132812,-76.3249282836914,0.03372981771826744,8.073833070527298
6242348162,0,192.4405059814453,-76.12316131591797,0.033757973462343216,8.070862883414698
6267348162,0,192.4420623779297,-75.92147064208984,0.0337822325527668,8.067905985569878
6292348163,0,192.44366455078125,-75.7198486328125,0.03380317613482475,8.064949168299677
6317348163,0,192.4453125,-75.51830291748047,0.03382129594683647,8.061998019473883
6342348163,0,192.4469451904297,-75.31682586669922,0.033836670219898224,8.059047060360388
6367348164,0,192.4486083984375,-75.11542510986328,0.03384975343942642,8.056096797709547
6392348164,0,192.45033264160156,-74.91409301757812,0.03386123478412628,8.053141911801369
6417348165,0,192.4521026611328,-74.71283721923828,0.0338708870112896,8.050194154468286
6442348165,0,192.4539337158203,-74.51165008544922,0.033879201859235764,8.047248092030312
6467348165,0,192.45578002929688,-74.310546875,0.033886414021253586,8.044303171936585
6492348166,0,192.45762634277344,-74.10875701904297,0.033874206244945526,8.100091869601483
6517348166,0,192.4595489501953,-73.90413665771484,0.03380996733903885,8.210518137633573
6542348166,0,192.46148681640625,-73.69682312011719,0.0337248221039772,8.316367173787844
6567348167,0,192.46348571777344,-73.4869384765625,0.03363605588674545,8.418134932721257
6592348167,0,192.46554565429688,-73.27458190917969,0.033552054315805435,8.516150685561541
6617348168,0,192.4676055908203,-73.05985260009766,0.03347739949822426,8.610701432956027
6642348168,0,192.46966552734375,-72.84282684326172,0.033413197845220566,8.702065310973088
6667348168,0,192.47169494628906,-72.62358856201172,0.0333598330616951,8.790076182272609
6692348169,0,192.47369384765625,-72.40223693847656,0.033317334949970245,8.873432480478854
6717348169,0,192.47569274902344,-72.17890930175781,0.03328559920191765,8.951873186765935
6742348169,0,192.47775268554688,-71.9537124633789,0.03326370194554329,9.025702948901234
6767348170,0,192.47984313964844,-71.7267837524414,0.03325088322162628,9.093897064867642
6792348170,0,192.4818878173828,-71.49828338623047,0.03324725851416588,9.15488761578664
6817348171,0,192.48394775390625,-71.26842498779297,0.03325294330716133,9.207715455742424
6842348171,0,192.48597717285156,-71.03740692138672,0.03326774388551712,9.251420164502962
6867348171,0,192.48800659179688,-70.80548858642578,0.03329151123762131,9.285881101399688
6892348172,0,192.4900360107422,-70.5728759765625,0.0333232507109642,9.311866646685232
6917348172,0,192.4920654296875,-70.33976745605469,0.033361587673425674,9.330049367725293
6942348172,0,192.49407958984375,-70.1063461303711,0.03340507298707962,9.341088068105492
6967348173,0,192.49606323242188,-69.87281799316406,0.033453598618507385,9.341757597156684
6992348173,0,192.4980010986328,-69.63970947265625,0.033513143658638,9.31965212703378
7017348174,0,192.4999542236328,-69.4075927734375,0.03358707204461098,9.275042573472097
7042348174,0,192.50192260742188,-69.177001953125,0.03367587924003601,9.208872992986576
7067348174,0,192.50392150878906,-68.9483642578125,0.03377620503306389,9.130231592628194
7092348175,0,192.50592041015625,-68.72142791748047,0.03387100249528885,9.065697682590685
7117348175,0,192.50791931152344,-68.49578094482422,0.03394897282123566,9.017878477870154
7142348175,0,192.50990295410156,-68.27122497558594,0.03401023894548416,8.97327141714785
7167348176,0,192.51187133789062,-68.04777526855469,0.03405925631523132,8.92889060501398
7192348176,0,192.51388549804688,-67.82542419433594,0.034099042415618896,8.884514466606541
7217348176,0,192.51597595214844,-67.60417938232422,0.03413192555308342,8.840067752866682
7242348177,0,192.51809692382812,-67.38404083251953,0.034159354865550995,8.795817507867318
7267348177,0,192.5202178955078,-67.16500091552734,0.03418220579624176,8.751722650878586
7292348178,0,192.5223388671875,-66.94707489013672,0.034201737493276596,8.706880456496888
7317348178,0,192.5244903564453,-66.73027801513672,0.034218672662973404,8.661343042555544
7342348178,0,192.5266876220703,-66.51464080810547,0.03423381596803665,8.615062749373225
7367348179,0,192.52891540527344,-66.3001708984375,0.03424777835607529,8.568000991173243
7392348179,0,192.5311279296875,-66.0868911743164,0.03426036611199379,8.520136206097616
7417348179,0,192.53323364257812,-65.87480926513672,0.03427223116159439,8.471435670654262
7442348180,0,192.5350799560547,-65.66397094726562,0.03428340703248978,8.421882968023453
7467348180,0,192.53672790527344,-65.45438385009766,0.03429420292377472,8.371513152615874
7492348181,0,192.5382843017578,-65.2460708618164,0.03430454060435295,8.320354806679347
7517348181,0,192.53968811035156,-65.03910064697266,0.03431541472673416,8.264661518881365
7542348181,0,192.54095458984375,-64.83379364013672,0.03433334454894066,8.194431655416887
7567348182,0,192.54205322265625,-64.63041687011719,0.03435859456658363,8.118580060160344
7592348182,0,192.54299926757812,-64.42860412597656,0.034378815442323685,8.05874813218077
7617348182,0,192.5438690185547,-64.2282485961914,0.03439315780997276,8.000492188295945
7642348183,0,192.54464721679688,-64.02928924560547,0.03440219908952713,7.945265079186675
7667348183,0,192.54547119140625,-63.83162307739258,0.034406013786792755,7.894122489996613
7692348184,0,192.54624938964844,-63.63515853881836,0.034404754638671875,7.847244744502686
7717348184,0,192.54702758789062,-63.43975830078125,0.034397926181554794,7.806035048569605
7742348184,0,192.54782104492188,-63.24529266357422,0.03438621386885643,7.769257574081782
7767348185,0,192.5486297607422,-63.05171203613281,0.03437149152159691,7.734159468902903
7792348185,0,192.54942321777344,-62.85901641845703,0.03435607999563217,7.698020049827703
7817348185,0,192.55030822753906,-62.667274475097656,0.034342460334300995,7.659844833332884
7842348186,0,192.5511932373047,-62.47648239135742,0.034330710768699646,7.621826702287326
7867348186,0,192.5520477294922,-62.28659439086914,0.03431934118270874,7.5867062265618745
7892348187,0,192.552978515625,-62.097503662109375,0.03430675342679024,7.5558267372313
7917348187,0,192.55398559570312,-61.9090690612793,0.03429092466831207,7.53145692179769
7942348187,0,192.55499267578125,-61.7210807800293,0.03427024930715561,7.515418513777978
7967348188,0,192.5560302734375,-61.5333137512207,0.034243009984493256,7.509176066337696
7992348188,0,192.55706787109375,-61.34553146362305,0.03420955687761307,7.511285909580805
8017348188,0,192.55812072753906,-61.157562255859375,0.03417068347334862,7.520392603852687
8042348189,0,192.55914306640625,-60.969242095947266,0.03412795811891556,7.535628233074131
8067348189,0,192.56019592285156,-60.780433654785156,0.03408267721533775,7.556245822940801
8092348190,0,192.56141662597656,-60.59101486206055,0.034036025404930115,7.582139356646257
8117348190,0,192.56285095214844,-60.40163803100586,0.03400512784719467,7.576194396846198
8142348190,0,192.5643310546875,-60.21233367919922,0.033984679728746414,7.572325192856658
8167348191,0,192.56602478027344,-60.02309036254883,0.033970907330513,7.569081516513939
8192348191,0,192.56787109375,-59.83392333984375,0.03396141156554222,7.566130172193725
8217348191,0,192.56971740722656,-59.644832611083984,0.03395465761423111,7.5633175426646515
8242348192,0,192.57164001464844,-59.45580291748047,0.03394966199994087,7.5605446527557945
8267348192,0,192.57354736328125,-59.266849517822266,0.03394588455557823,7.557790467336052
8292348193,0,192.57554626464844,-59.07796859741211,0.033942945301532745,7.555036261772133
8317348193,0,192.5774688720703,-58.8891487121582,0.033940620720386505,7.552290237505012
8342348193,0,192.57919311523438,-58.70053482055664,0.03394203260540962,7.539092044224602
8367348194,0,192.58087158203125,-58.51277160644531,0.03395896777510643,7.499638757680252
8392348194,0,192.58261108398438,-58.32650375366211,0.03399658203125,7.4341711541102224
8417348194,0,192.58428955078125,-58.14237594604492,0.03405654802918434,7.34279306308052
8442348195,0,192.58572387695312,-57.96103286743164,0.03413856402039528,7.225441352976518
8467348195,0,192.58700561523438,-57.78312683105469,0.034240949898958206,7.082211996412212
8492348195,0,192.58839416503906,-57.60930633544922,0.03436187654733658,6.912967340139549
8517348196,0,192.58993530273438,-57.439910888671875,0.03449203446507454,6.736412920323074
8542348196,0,192.59132385253906,-57.27491760253906,0.03461959585547447,6.559984988881211
8567348197,0,192.59278869628906,-57.11410903930664,0.03473338857293129,6.400321561272367
8592348197,0,192.5941925048828,-56.95674133300781,0.03481857106089592,6.258469694744193
8617348197,0,192.59548950195312,-56.80221939086914,0.034867897629737854,6.186522308528901
8642348198,0,192.59683227539062,-56.64894485473633,0.03486698120832443,6.123006212836661
8667348198,0,192.5980682373047,-56.496742248535156,0.03483543172478676,6.079127544113323
8692348198,0,192.59918212890625,-56.34522247314453,0.0347810722887516,6.055106314343111
8717348199,0,192.60044860839844,-56.19384002685547,0.03470603749155998,6.0549880691608875
8742348199,0,192.60162353515625,-56.04210662841797,0.03461471572518349,6.069093225211159
8767348200,0,192.6025390625,-55.89017105102539,0.03452320024371147,6.075969363566471
8792348200,0,192.6031036376953,-55.7382698059082,0.034442100673913956,6.069416016458083
8817348200,0,192.60345458984375,-55.58678436279297,0.034377820789813995,6.057916748702614
8842348201,0,192.6038818359375,-55.43545913696289,0.03432140126824379,6.050070948861392
8867348201,0,192.60421752929688,-55.28435516357422,0.0342731848359108,6.040665816394707
8892348201,0,192.60382080078125,-55.133636474609375,0.034236107021570206,6.02067587310387
8917348202,0,192.6028594970703,-54.983612060546875,0.03421245515346527,5.9988241735981696
8942348202,0,192.60186767578125,-54.83395767211914,0.034190673381090164,5.982848956195838
8967348203,0,192.6009979248047,-54.68468475341797,0.03417148441076279,5.967123787719382
8992348203,0,192.6003875732422,-54.53575897216797,0.03415393829345703,5.953462188854477
9017348203,0,192.5999298095703,-54.38712692260742,0.03413684666156769,5.9427888773375175
9042348204,0,192.59970092773438,-54.23869323730469,0.0341193750500679,5.9351975359428994
9067348204,0,192.59962463378906,-54.09037780761719,0.03410079702734947,5.9311827340327845
9092348204,0,192.59962463378906,-53.9421272277832,0.03408142179250717,5.929296043510111
9117348205,0,192.59971618652344,-53.793861389160156,0.03406139463186264,5.9301237580553146
9142348205,0,192.5999755859375,-53.64557647705078,0.03404182195663452,5.931453927578114
9167348206,0,192.60037231445312,-53.497230529785156,0.03402271121740341,5.934113461615124
9192348206,0,192.60072326660156,-53.34879684448242,0.03400447592139244,5.937592464766907
9217348206,0,192.60118103027344,-53.20030975341797,0.033988457173109055,5.939325664693521
9242348207,0,192.6015167236328,-53.05180358886719,0.03397510573267937,5.939788214305285
9267348207,0,192.6017608642578,-52.90333557128906,0.03396507352590561,5.937957049141374
9292348207,0,192.60208129882812,-52.75495529174805,0.033958662301301956,5.934006990417882
9317348208,0,192.6025390625,-52.60667037963867,0.03395431488752365,5.930431194472571
9342348208,0,192.6031036376953,-52.458465576171875,0.033951032906770706,5.927935391231659
9367348209,0,192.60386657714844,-52.31026077270508,0.03394683822989464,5.928647566958419
9392348209,0,192.6046905517578,-52.16196823120117,0.033940430730581284,5.9330391639352085
9417348209,0,192.60546875,-52.01356506347656,0.03393302857875824,5.937077235305673
9442348210,0,192.60630798339844,-51.86505889892578,0.033925704658031464,5.941000879169788
9467348210,0,192.60694885253906,-51.71643829345703,0.03391838073730469,5.9458197881133685
9492348210,0,192.60763549804688,-51.56773376464844,0.03391220048069954,5.948874669186371
9517348211,0,192.60829162597656,-51.41896057128906,0.033907242119312286,5.951524690955692
9542348211,0,192.60910034179688,-51.27012634277344,0.03390342742204666,5.953890260933431
9567348212,0,192.60995483398438,-51.12123489379883,0.03390045091509819,5.956605944751921
9592348212,0,192.61065673828125,-50.972225189208984,0.033896710723638535,5.961889159882256
9617348212,0,192.6112823486328,-50.82301330566406,0.0338909886777401,5.9705717072976805
9642348213,0,192.61204528808594,-50.67354965209961,0.0338834747672081,5.981493339261871
9667348213,0,192.61285400390625,-50.523738861083984,0.03387371078133583,5.995743568209167
9692348213,0,192.61387634277344,-50.373538970947266,0.03386230394244194,6.011757679812854
9717348214,0,192.61502075195312,-50.22291564941406,0.033849600702524185,6.029565965854085
9742348214,0,192.61607360839844,-50.071800231933594,0.03383602201938629,6.049379667825261
9767348214,0,192.61715698242188,-49.9201545715332,0.03382163867354393,6.070928773932738
9792348215,0,192.61817932128906,-49.76793670654297,0.03380672261118889,6.09429353488147
9817348215,0,192.6192169189453,-49.61513900756836,0.033792611211538315,6.117214821475573
9842348216,0,192.62026977539062,-49.46174621582031,0.03377872332930565,6.1415795224348875
9867348216,0,192.6212615966797,-49.3077392578125,0.03376579284667969,6.166194175734972
9892348216,0,192.62222290039062,-49.15313720703125,0.03375442326068878,6.189734269603574
9917348217,0,192.62318420410156,-48.997962951660156,0.03374496474862099,6.212196777404955
9942348217,0,192.62411499023438,-48.84227752685547,0.0337384007871151,6.231708952942552
9967348217,0,192.6250762939453,-48.68619918823242,0.033735960721969604,6.247182420474844
9992348218,0,192.62608337402344,-48.5297737121582,0.0337371826171875,6.260258212134666
10017348218,0,192.62718200683594,-48.37306213378906,0.0337413027882576,6.2711801475089555
10042348219,0,192.62835693359375,-48.216121673583984,0.03374786302447319,6.279959111405505
10067348219,0,192.62936401367188,-48.05910110473633,0.03375892713665962,6.278927924913164
10092348219,0,192.6302947998047,-47.90260696411133,0.03378459811210632,6.2520694432251025
10117348220,0,192.6312255859375,-47.74745559692383,0.03383399918675423,6.186844711695449
10142348220,0,192.6318359375,-47.59446716308594,0.03391006216406822,6.095274543978005
10167348220,0,192.63211059570312,-47.444305419921875,0.034009627997875214,5.977409018795151
10192348221,0,192.63194274902344,-47.297611236572266,0.03412971273064613,5.8331347419049
10217348221,0,192.631591796875,-47.155033111572266,0.034266889095306396,5.66292952613082
10242348222,0,192.63113403320312,-47.01686477661133,0.03441108763217926,5.487103209273971
10267348222,0,192.6307373046875,-46.88308334350586,0.03455062955617905,5.311249731805428
10292348222,0,192.6304473876953,-46.75343704223633,0.034673042595386505,5.156074659788267
10317348223,0,192.63002014160156,-46.62677764892578,0.03475593402981758,5.0465739859288234
10342348223,0,192.6298065185547,-46.50197982788086,0.034790076315402985,4.982300765427215
10367348223,0,192.6298828125,-46.37790298461914,0.03455516695976257,4.95969206770213
10392348224,0,192.6301727294922,-46.253910064697266,0.03436603397130966,4.957849639666935
10417348224,0,192.63059997558594,-46.12994384765625,0.03421466797590256,4.956077792066363
10442348225,0,192.63113403320312,-46.006019592285156,0.034095074981451035,4.954302085464638
10467348225,0,192.6317901611328,-45.88214111328125,0.03400111943483353,4.952535968125841
10492348225,0,192.6324920654297,-45.758304595947266,0.0339278019964695,4.950801977826337
10517348226,0,192.6332550048828,-45.634521484375,0.03387084975838661,4.949063728960748
10542348226,0,192.63409423828125,-45.510780334472656,0.033826638013124466,4.947322353781778
10567348226,0,192.6350555419922,-45.38709259033203,0.03379257023334503,4.94556880770992
10592348227,0,192.6359100341797,-45.263450622558594,0.03376609832048416,4.943836623438977
10617348227,0,192.63677978515625,-45.14008331298828,0.03375091403722763,4.9242911887382865
10642348228,0,192.6376953125,-45.01792526245117,0.03375865891575813,4.875055523308532
10667348228,0,192.63868713378906,-44.89664840698242,0.03377288579940796,4.844277272712253
10692348228,0,192.63970947265625,-44.775848388671875,0.03378307446837425,4.829081898660465
10717348229,0,192.64083862304688,-44.65515899658203,0.033784255385398865,4.8274958580378575
10742348229,0,192.64218139648438,-44.53428649902344,0.03377468138933182,4.837779993660234
10767348229,0,192.64366149902344,-44.412967681884766,0.03375476598739624,4.857870270244782
10792348230,0,192.6452178955078,-44.29098129272461,0.0337260439991951,4.886042084341092
10817348230,0,192.64671325683594,-44.16815948486328,0.03369033709168434,4.920863910363471
10842348231,0,192.6482696533203,-44.04436492919922,0.03364959731698036,4.961210502070421
10867348231,0,192.6498565673828,-43.91946792602539,0.03360584005713463,5.006198709290419
10892348231,0,192.6513671875,-43.79336929321289,0.03380702808499336,5.054903348409639
10917348232,0,192.65284729003906,-43.665985107421875,0.0339057520031929,5.107045778986382
10942348232,0,192.654296875,-43.53725051879883,0.03393875062465668,5.1619628479598
10967348232,0,192.65582275390625,-43.4071044921875,0.033930547535419464,5.21922934016418
10992348233,0,192.65724182128906,-43.27548599243164,0.03389785811305046,5.278493150361952
11017348233,0,192.65866088867188,-43.142356872558594,0.033851660788059235,5.33948369014344
11042348233,0,192.66015625,-43.0076789855957,0.033798981457948685,5.401938103715919
11067348234,0,192.66165161132812,-42.871421813964844,0.03374462202191353,5.465656088539646
11092348234,0,192.66311645507812,-42.73354721069336,0.033691443502902985,5.530451490285709
11117348235,0,192.6645050048828,-42.59403610229492,0.03364105150103569,5.596172239661289
11142348235,0,192.6658172607422,-42.45287322998047,0.033594321459531784,5.6625818210909165
11167348235,0,192.6668701171875,-42.31005096435547,0.03355220705270767,5.72842731492599
11192348236,0,192.6676483154297,-42.165653228759766,0.033516500145196915,5.7904885190520625
11217348236,0,192.6682586669922,-42.01981735229492,0.033488884568214417,5.847021436527729
11242348236,0,192.66873168945312,-41.8726806640625,0.03347000107169151,5.89804158087421
11267348237,0,192.66917419433594,-41.724334716796875,0.033458974212408066,5.9454151820520895
11292348237,0,192.66954040527344,-41.57488250732422,0.03345474228262901,5.98888763005722
11317348238,0,192.66993713378906,-41.4244384765625,0.03345653414726257,6.027082504520173
11342348238,0,192.6702880859375,-41.27325439453125,0.0334673672914505,6.05245181616585
11367348238,0,192.6707000732422,-41.12180709838867,0.03349178284406662,6.063447624056128
11392348239,0,192.6708221435547,-40.97012710571289,0.033523138612508774,6.067806948568814
11417348239,0,192.67071533203125,-40.8188362121582,0.03356967866420746,6.046654063045215
11442348239,0,192.67051696777344,-40.66836166381836,0.03363010287284851,6.014859466224538
11467348240,0,192.67041015625,-40.51834487915039,0.033686522394418716,5.999214053018515
11492348240,0,192.6702423095703,-40.368770599365234,0.03373809903860092,5.978138861815544
11517348241,0,192.67001342773438,-40.22010803222656,0.03379436582326889,5.93679951504552
11542348241,0,192.66973876953125,-40.07270050048828,0.033856239169836044,5.88845844794489
11567348241,0,192.6696319580078,-39.92609405517578,0.033908117562532425,5.859265092246035
11592348242,0,192.6696014404297,-39.780147552490234,0.033949241042137146,5.832597725055062
11617348242,0,192.67001342773438,-39.63485336303711,0.033982161432504654,5.806505882836972
11642348242,0,192.6702880859375,-39.490257263183594,0.034010160714387894,5.775778499454728
11667348243,0,192.6708526611328,-39.34661865234375,0.03403903916478157,5.73967853458387
11692348243,0,192.6717529296875,-39.20371627807617,0.03406234830617905,5.710074454415371
11717348244,0,192.67300415039062,-39.06148910522461,0.03407996892929077,5.684028388737646
11742348244,0,192.67466735839844,-38.9197998046875,0.034090805798769,5.663914133691635
11767348244,0,192.6764373779297,-38.77846908569336,0.034093551337718964,5.651326686713882
11792348245,0,192.67849731445312,-38.6373405456543,0.03408866748213768,5.644981406354907
11817348245,0,192.6808319091797,-38.49622344970703,0.03407611697912216,5.646112521310617
11842348245,0,192.68365478515625,-38.35498046875,0.03405734896659851,5.65309048799968
11867348246,0,192.68658447265625,-38.21342849731445,0.03403232619166374,5.66701660745714
11892348246,0,192.6896209716797,-38.07145690917969,0.034003715962171555,5.683988956242162
11917348247,0,192.6927490234375,-37.92904281616211,0.03397388383746147,5.7023023522347325
11942348247,0,192.69577026367188,-37.7861328125,0.03394428268074989,5.722098501971827
11967348247,0,192.6986846923828,-37.64268112182617,0.033915288746356964,5.7445990564194425
11992348248,0,192.70175170898438,-37.49860382080078,0.03388667851686478,5.77025513786426
12017348248,0,192.70494079589844,-37.35384750366211,0.033858489245176315,5.797533055789719
12042348248,0,192.70828247070312,-37.20843505859375,0.03383258730173111,5.823595038953073
12067348249,0,192.71151733398438,-37.062461853027344,0.03381156921386719,5.845170181732281
12092348249,0,192.71466064453125,-36.91602325439453,0.03379631042480469,5.862378055936806
12117348250,0,192.718017578125,-36.76924133300781,0.033787306398153305,5.875982611316879
12142348250,0,192.72140502929688,-36.62214279174805,0.033782653510570526,5.888491286059954
12167348250,0,192.7248077392578,-36.47473907470703,0.033780667930841446,5.90095953823915
12192348251,0,192.72811889648438,-36.32697677612305,0.0337793342769146,5.915806936173111
12217348251,0,192.7314453125,-36.17878341674805,0.033776625990867615,5.933769999139478
12242348251,0,192.73468017578125,-36.03009796142578,0.03377208486199379,5.9538392856975335
12267348252,0,192.73794555664062,-35.880882263183594,0.03376609832048416,5.975493112579666
12292348252,0,192.74124145507812,-35.731101989746094,0.033759038895368576,5.998012143356205
12317348252,0,192.7444305419922,-35.580772399902344,0.03375217318534851,6.019307694213824
12342348253,0,192.74755859375,-35.42997360229492,0.03374740481376648,6.03733383260717
12367348253,0,192.75064086914062,-35.27878952026367,0.033745765686035156,6.052286405754829
12392348254,0,192.7537841796875,-35.12727737426758,0.03374706208705902,6.0646723804756295
12417348254,0,192.75689697265625,-34.97554397583008,0.03375225141644478,6.072339080303316
12442348254,0,192.75985717773438,-34.82370376586914,0.03376148268580437,6.075552619136404
12467348255,0,192.76275634765625,-34.67185974121094,0.03377445042133331,6.075194687158118
12492348255,0,192.76548767089844,-34.5200309753418,0.0337892509996891,6.074229134306066
12517348255,0,192.76820373535156,-34.36823272705078,0.033804167062044144,6.0730636030563705
12542348256,0,192.7708740234375,-34.21641540527344,0.03381717577576637,6.0748755509515355
12567348256,0,192.77345275878906,-34.064456939697266,0.033826179802417755,6.081285017973866
12592348257,0,192.77601623535156,-33.91227340698242,0.03383060544729233,6.091154093136231
12617348257,0,192.7784881591797,-33.759727478027344,0.03382938355207443,6.107049339781325
12642348257,0,192.78091430664062,-33.606658935546875,0.03382217511534691,6.128940548517108
12667348258,0,192.78323364257812,-33.45298385620117,0.03381034731864929,6.153963772530108
12692348258,0,192.78550720214844,-33.29859161376953,0.03379436582326889,6.183589963654151
12717348258,0,192.78782653808594,-33.14335250854492,0.033774375915527344,6.218740727442471
12742348259,0,192.79013061523438,-32.98713684082031,0.0337504968047142,6.258823824988972
12767348259,0,192.79251098632812,-32.82984161376953,0.0337238684296608,6.3030935487601845
12792348260,0,192.79501342773438,-32.67136764526367,0.03369533643126488,6.350958310126707
12817348260,0,192.79757690429688,-32.51163864135742,0.033665578812360764,6.401888685829834
12842348260,0,192.80018615722656,-32.35059356689453,0.03363555669784546,6.4553952475862175
12867348261,0,192.80284118652344,-32.188167572021484,0.03360565006732941,6.511063855388585
12892348261,0,192.8054962158203,-32.02494430541992,0.033592186868190765,6.518663639662229
12917348261,0,192.80819702148438,-31.86180877685547,0.03360416367650032,6.519679000451759
12942348262,0,192.81092834472656,-31.698747634887695,0.033628690987825394,6.519116962582717
12967348262,0,192.81375122070312,-31.53575325012207,0.03365837037563324,6.517872368219022
12992348263,0,192.8165740966797,-31.372819900512695,0.03368896245956421,6.516270708060019
13017348263,0,192.8194122314453,-31.20993995666504,0.033718451857566833,6.514453964146923
13042348263,0,192.82232666015625,-31.047122955322266,0.03374553471803665,6.512497511513688
13067348264,0,192.8252716064453,-30.88436508178711,0.033769913017749786,6.510446421459017
13092348264,0,192.82827758789062,-30.72165870666504,0.03379157930612564,6.508334017944345
13117348264,0,192.8312530517578,-30.55901336669922,0.03381050005555153,6.506175682190289
13142348265,0,192.834228515625,-30.39642333984375,0.03382694348692894,6.503981437104344
13167348265,0,192.83721923828125,-30.233888626098633,0.03384113311767578,6.501761029730763
13192348266,0,192.8402099609375,-30.071413040161133,0.03385341539978981,6.499518907706581
13217348266,0,192.84326171875,-29.908992767333984,0.03386402130126953,6.497256219967215
13242348266,0,192.8463592529297,-29.746633529663086,0.03387317433953285,6.494981586281848
13267348267,0,192.84947204589844,-29.58432960510254,0.03388099744915962,6.492703036108552
13292348267,0,192.85255432128906,-29.42208480834961,0.033887747675180435,6.490416423168616
13317348267,0,192.8556671142578,-29.2598934173584,0.03389350697398186,6.4881231630261595
13342348268,0,192.8587188720703,-29.09776496887207,0.033898428082466125,6.485825441667782
13367348268,0,192.86170959472656,-28.93568992614746,0.03390258550643921,6.483514963149413
13392348269,0,192.8646697998047,-28.77367401123047,0.03390628844499588,6.481208032261703
13417348269,0,192.8676300048828,-28.610124588012695,0.03387462720274925,6.559421688813738
13442348269,0,192.87057495117188,-28.444833755493164,0.033823203295469284,6.627999862172522
13467348270,0,192.87350463867188,-28.277870178222656,0.03376586735248566,6.694101727569949
13492348270,0,192.87648010253906,-28.10929298400879,0.0337095633149147,6.758177454271288
13517348270,0,192.87948608398438,-27.939159393310547,0.033658143132925034,6.820041812221649
13542348271,0,192.88255310058594,-27.767539978027344,0.033613622188568115,6.879169012230455
13567348271,0,192.8856658935547,-27.594467163085938,0.03357585892081261,6.937251606552073
13592348271,0,192.88888549804688,-27.419965744018555,0.033544234931468964,6.994491002424408
13617348272,0,192.89212036132812,-27.244054794311523,0.033518027514219284,7.050549928225807
13642348272,0,192.89540100097656,-27.06678581237793,0.033497314900159836,7.104777841974026
13667348273,0,192.89874267578125,-26.888174057006836,0.0334806814789772,7.158664616425267
13692348273,0,192.90206909179688,-26.708219528198242,0.033467140048742294,7.212339856545318
13717348273,0,192.90542602539062,-26.52692985534668,0.03345611318945885,7.265832307121606
13742348274,0,192.9087677001953,-26.344308853149414,0.033447228372097015,7.319168434770622
13767348274,0,192.91212463378906,-26.160362243652344,0.0334402471780777,7.371763414220504
13792348274,0,192.91558837890625,-25.975168228149414,0.03343585878610611,7.421125851864851
13817348275,0,192.9191131591797,-25.788822174072266,0.0334354005753994,7.465944575152396
13842348275,0,192.92279052734375,-25.601497650146484,0.03344089537858963,7.503425641840078
13867348276,0,192.9266357421875,-25.4134521484375,0.03345455229282379,7.527986420835676
13892348276,0,192.93067932128906,-25.225385665893555,0.03348663076758385,7.522130781481015
13917348276,0,192.9350128173828,-25.037832260131836,0.03353748098015785,7.50346794941289
13942348277,0,192.93955993652344,-24.850317001342773,0.03358485922217369,7.505081163392611
13967348277,0,192.94412231445312,-24.66285514831543,0.03362899646162987,7.4988030276422935
13992348277,0,192.94862365722656,-24.476024627685547,0.03368125855922699,7.467918828708698
14017348278,0,192.95327758789062,-24.290433883666992,0.03374771028757095,7.412785409273229
14042348278,0,192.9578399658203,-24.10667610168457,0.03383033722639084,7.334048683185703
14067348279,0,192.96202087402344,-23.925331115722656,0.03392917662858963,7.231888551359611
14092348279,0,192.96604919433594,-23.746984481811523,0.0340430811047554,7.106740193862945
14117348279,0,192.9699249267578,-23.572200775146484,0.03417041525244713,6.958651591682076
14142348280,0,192.9733428955078,-23.401351928710938,0.034305229783058167,6.7995419575670075
14167348280,0,192.97618103027344,-23.23455810546875,0.03443874418735504,6.635986325807321
14192348280,0,192.978271484375,-23.071910858154297,0.03456592559814453,6.468595577691316
14217348281,0,192.98008728027344,-22.913482666015625,0.0346839502453804,6.299012308229097
14242348281,0,192.98207092285156,-22.759328842163086,0.03479137271642685,6.127266773300719
14267348282,0,192.98382568359375,-22.60948944091797,0.034888189285993576,5.953717261518326
14292348282,0,192.9853515625,-22.464006423950195,0.034974899142980576,5.778826979235138
14317348282,0,192.98703002929688,-22.322904586791992,0.03505157306790352,5.602890765258711
14342348283,0,192.9886474609375,-22.186208724975586,0.03511928394436836,5.42623793820005
14367348283,0,192.99017333984375,-22.053930282592773,0.03517898544669151,5.249041857009888
14392348283,0,192.99176025390625,-21.92592430114746,0.03522689640522003,5.084115515431206
14417348284,0,192.99371337890625,-21.80133056640625,0.03524821996688843,4.955594532104101
14442348284,0,192.9959259033203,-21.679584503173828,0.035024795681238174,4.840146239367235
14467348285,0,192.99807739257812,-21.561100006103516,0.034876592457294464,4.705030582069606
14492348285,0,193.0,-21.44635772705078,0.034791067242622375,4.550479328297231
14517348285,0,193.00189208984375,-21.335790634155273,0.03475574404001236,4.380851740811162
14542348286,0,193.00344848632812,-21.22952651977539,0.03475482761859894,4.208489437568188
14567348286,0,193.00482177734375,-21.127588272094727,0.0347755029797554,4.035321161427682
14592348286,0,193.00613403320312,-21.029987335205078,0.034808844327926636,3.8615676367631884
14617348287,0,193.00746154785156,-20.936742782592773,0.034848861396312714,3.687393488685523
14642348287,0,193.0086669921875,-20.84785270690918,0.03489147126674652,3.512975811354833
14667348287,0,193.00982666015625,-20.76332664489746,0.03493358567357063,3.3384619858631828
14692348288,0,192.97889709472656,-20.656705856323242,0.026902006939053535,4.480080877996638
14717348288,0,192.96466064453125,-20.55281639099121,0.02229103073477745,4.2208537577236145
14742348289,0,192.9566192626953,-20.45298957824707,0.019790153950452805,3.982084404066463
14767348289,0,192.9419708251953,-20.355348587036133,0.016033286228775978,4.138566940843174
14792348289,0,192.92843627929688,-20.248987197875977,0.014049339108169079,4.373214248485679
14817348290,0,192.91346740722656,-20.14084815979004,0.014378165826201439,4.420907520987815
14842348290,0,192.8973846435547,-20.03278923034668,0.014906119555234909,4.416272729522385
14867348290,0,192.88087463378906,-19.925500869750977,0.015591583214700222,4.375746425962617
14892348291,0,192.86415100097656,-19.819759368896484,0.016315802931785583,4.302133148227826
14917348291,0,192.8473358154297,-19.7161808013916,0.016996992751955986,4.204396846607516
14942348292,0,192.83282470703125,-19.616119384765625,0.017923278734087944,3.9993795706791415
14967348292,0,192.81912231445312,-19.52076530456543,0.019201355054974556,3.7934624480831634
14992348292,0,192.8055877685547,-19.43011474609375,0.02067089080810547,3.6064452684390664
15017348293,0,192.79293823242188,-19.343395233154297,0.02219589240849018,3.4491063528624535
15042348293,0,192.78057861328125,-19.260385513305664,0.02369636483490467,3.2979490414206665
15067348293,0,192.7684326171875,-19.18154525756836,0.02513114921748638,3.1277374411360883
15092348294,0,192.75645446777344,-19.107398986816406,0.026475105434656143,2.9382943759595763
15117348294,0,192.74534606933594,-19.03782844543457,0.027702178806066513,2.759710384432933
15142348295,0,192.73472595214844,-18.97208023071289,0.02878909930586815,2.615520676968598
15167348295,0,192.72450256347656,-18.909317016601562,0.029726142063736916,2.504502929843831
15192348295,0,192.71432495117188,-18.84844970703125,0.03051013872027397,2.450247156003617
15217348296,0,192.7038116455078,-18.787805557250977,0.03114238753914833,2.449406438841383
15242348296,0,192.6934356689453,-18.72718048095703,0.03165252506732941,2.448171568609811
15267348296,0,192.6832733154297,-18.666568756103516,0.03206462785601616,2.447039231727149
15292348297,0,192.67335510253906,-18.60597801208496,0.03239753469824791,2.4459617092220447
15317348297,0,192.66323852539062,-18.54546546936035,0.03266593813896179,2.445276119863842
15342348298,0,192.65306091308594,-18.485010147094727,0.03288177400827408,2.4444940439969587
15367348298,0,192.64300537109375,-18.42458152770996,0.033054884523153305,2.443594689453516
15392348298,0,192.63282775878906,-18.364490509033203,0.03319881483912468,2.426286926766148
15417348299,0,192.6228485107422,-18.306190490722656,0.03334568068385124,2.337575409219937
15442348299,0,192.61341857910156,-18.250469207763672,0.03349826857447624,2.2313280355399616
15467348299,0,192.60472106933594,-18.19757843017578,0.033651579171419144,2.112623218147354
15492348300,0,192.5966796875,-18.14788246154785,0.0338030606508255,1.979605103620895
15517348300,0,192.5896759033203,-18.10173988342285,0.03395332396030426,1.8293820504107383
15542348301,0,192.583251953125,-18.059612274169922,0.03410198166966438,1.6645065349227872
15567348301,0,192.57791137695312,-18.021595001220703,0.03424450010061264,1.496006462107499
15592348301,0,192.5731201171875,-17.98771095275879,0.0343753807246685,1.3295691009373622
15617348302,0,192.5693359375,-17.95754051208496,0.034485891461372375,1.1849217813085422
15642348302,0,192.5662384033203,-17.931705474853516,0.0345943458378315,0.9778589270917362
15667348302,0,192.56378173828125,-17.912641525268555,0.03473552688956261,0.6996383141313041
15692348303,0,192.56231689453125,-17.89900016784668,0.03485603258013725,0.5493907889319033
15717348303,0,192.56109619140625,-17.885021209716797,0.034862518310546875,0.5849117290985485
15742348304,0,192.55966186523438,-17.870162963867188,0.034794118255376816,0.5990750528883042
15767348304,0,192.55821228027344,-17.854007720947266,0.034676168113946915,0.6621540836378412
15792348304,0,192.5565948486328,-17.836978912353516,0.03454601392149925,0.6913497460417216
15817348305,0,192.55471801757812,-17.818002700805664,0.03439125046133995,0.7747840125024359
15842348305,0,192.55282592773438,-17.797836303710938,0.03424526005983353,0.8218440029724878
15867348305,0,192.5506591796875,-17.77585220336914,0.03409915789961815,0.8938287566358009
15892348306,0,192.54844665527344,-17.752140045166016,0.03396186605095863,0.9671402919821359
15917348306,0,192.5460662841797,-17.726482391357422,0.03383231908082962,1.0476607940486942
15942348306,0,192.5438995361328,-17.69887351989746,0.03371402621269226,1.125151062539309
15967348307,0,192.5417938232422,-17.669336318969727,0.033608052879571915,1.2037920729682388
15992348307,0,192.53968811035156,-17.637861251831055,0.03351360186934471,1.2818862264608997
16017348308,0,192.53761291503906,-17.60446548461914,0.03343090042471886,1.3594069125409505
16042348308,0,192.53553771972656,-17.569135665893555,0.033358536660671234,1.4375714450211965
16067348308,0,192.53347778320312,-17.5318546295166,0.033295441418886185,1.5159831791544391
16092348309,0,192.5313262939453,-17.49265480041504,0.03324111923575401,1.5930297548971528
16117348309,0,192.5287322998047,-17.4515438079834,0.03319366276264191,1.6696330134697508
16142348309,0,192.52574157714844,-17.408554077148438,0.03315338119864464,1.7448367898813963
16167348310,0,192.52252197265625,-17.363712310791016,0.03311992436647415,1.8189852157896582
16192348310,0,192.5194091796875,-17.317058563232422,0.033093489706516266,1.8913517152809831
16217348311,0,192.51634216308594,-17.268592834472656,0.03307231888175011,1.9637718677409648
16242348311,0,192.51307678222656,-17.218318939208984,0.033054616302251816,2.0365157120311355
16267348311,0,192.509521484375,-17.16623306274414,0.033039551228284836,2.1089938045971905
16292348312,0,192.50575256347656,-17.11235237121582,0.03302711248397827,2.181025149935326
16317348312,0,192.5017852783203,-17.056678771972656,0.03301692754030228,2.252847180884612
16342348312,0,192.49790954589844,-16.99921989440918,0.03300949186086655,2.3239500194046885
16367348313,0,192.49395751953125,-16.939979553222656,0.03300350159406662,2.395326911246711
16392348313,0,192.49005126953125,-16.878957748413086,0.032998695969581604,2.4663579645915936
16417348314,0,192.4860076904297,-16.816152572631836,0.03299472853541374,2.537790622598769
16442348314,0,192.48196411132812,-16.751567840576172,0.03299140930175781,2.608927695707119
16467348314,0,192.4779815673828,-16.685203552246094,0.03298904374241829,2.6798371301200126
16492348315,0,192.47412109375,-16.6170654296875,0.0329875573515892,2.7505790316367733
16517348315,0,192.47064208984375,-16.547164916992188,0.03298709914088249,2.82055036055862
16542348315,0,192.4674530029297,-16.475502014160156,0.03298713639378548,2.890981954461149
16567348316,0,192.4646453857422,-16.40207862854004,0.03298744186758995,2.96129890194803
16592348316,0,192.46206665039062,-16.32688331604004,0.03298766911029816,3.032074943859613
16617348317,0,192.45985412597656,-16.249927520751953,0.03298816457390785,3.102422018870735
16642348317,0,192.45787048339844,-16.171194076538086,0.032988011837005615,3.1735166986092973
16667348317,0,192.4558868408203,-16.090665817260742,0.03298713639378548,3.2450844420590905
16692348318,0,192.453857421875,-16.008333206176758,0.03298565000295639,3.316732134724693
16717348318,0,192.45082092285156,-15.924216270446777,0.03298278898000717,3.3875368324262993
16742348318,0,192.44810485839844,-15.838336944580078,0.03298213705420494,3.456903127277282
16767348319,0,192.44590759277344,-15.75069808959961,0.032981988042593,3.5277574300027044
16792348319,0,192.4437713623047,-15.661266326904297,0.032981377094984055,3.5993640326390333
16817348320,0,192.44178771972656,-15.570048332214355,0.03298068791627884,3.670550409473499
16842348320,0,192.44029235839844,-15.477065086364746,0.03298072889447212,3.741012822111261
16867348320,0,192.43972778320312,-15.382383346557617,0.03298278898000717,3.8093276908133027
16892348321,0,192.4397735595703,-15.285959243774414,0.03298454359173775,3.8799939537729875
16917348321,0,192.43972778320312,-15.187718391418457,0.03298381716012955,3.9523702041169226
16942348321,0,192.43983459472656,-15.08767318725586,0.03298274800181389,4.023985458994707
16967348322,0,192.4401397705078,-14.985828399658203,0.032981567084789276,4.095749435065084
16992348322,0,192.44044494628906,-14.882173538208008,0.03297988697886467,4.167731125082304
17017348323,0,192.4412384033203,-14.776753425598145,0.03297916427254677,4.238378236539196
17042348323,0,192.44253540039062,-14.669569969177246,0.03297901153564453,4.30946079529861
17067348323,0,192.44398498535156,-14.56058406829834,0.032978057861328125,4.381426500522321
17092348324,0,192.446044921875,-14.449847221374512,0.03297790512442589,4.4518874525920005
17117348324,0,192.4481658935547,-14.337302207946777,0.03297702595591545,4.524127372578572
17142348324,0,192.45068359375,-14.222976684570312,0.03297630324959755,4.595318628933929
17167348325,0,192.45355224609375,-14.106868743896484,0.03297565504908562,4.667017909078424
17192348325,0,192.45657348632812,-13.988957405090332,0.03297458589076996,4.739026800377469
17217348325,0,192.4596405029297,-13.869232177734375,0.03297305852174759,4.811110977677812
17242348326,0,192.46343994140625,-13.747774124145508,0.03297309949994087,4.881216683694749
17267348326,0,192.46832275390625,-13.6246337890625,0.03297458589076996,4.950650265169527
17292348327,0,192.47325134277344,-13.49968433380127,0.03297431766986847,5.0231518491165925
17317348327,0,192.47845458984375,-13.372928619384766,0.03322742506861687,5.095317418485985
17342348327,0,192.4836883544922,-13.244356155395508,0.033374249935150146,5.167637804218621
17367348328,0,192.48843383789062,-13.113945960998535,0.033451955765485764,5.239426078720529
17392348328,0,192.4929962158203,-12.981711387634277,0.03348587080836296,5.311539548347711
17417348328,0,192.49777221679688,-12.847678184509277,0.03349288925528526,5.383497196116941
17442348329,0,192.50254821777344,-12.711840629577637,0.033483657985925674,5.455531666124993
17467348329,0,192.50743103027344,-12.574201583862305,0.033465612679719925,5.527516373742677
17492348330,0,192.512451171875,-12.43476676940918,0.03344329819083214,5.599487147711812
17517348330,0,192.5177764892578,-12.29354190826416,0.0334196463227272,5.6713376733201555
17542348330,0,192.5231475830078,-12.150521278381348,0.03339633718132973,5.74327018180142
17567348331,0,192.5286407470703,-12.005704879760742,0.03337429091334343,5.815095954943549
17592348331,0,192.53433227539062,-11.859100341796875,0.033354222774505615,5.886805342025329
17617348331,0,192.54025268554688,-11.710712432861328,0.03333640843629837,5.958367550225878
17642348332,0,192.54635620117188,-11.56054401397705,0.03332061693072319,6.029833978969989
17667348332,0,192.55262756347656,-11.409403800964355,0.0333271399140358,6.0373096824352634
17692348333,0,192.5590057373047,-11.258349418640137,0.03336399048566818,6.03830641087084
17717348333,0,192.56546020507812,-11.107358932495117,0.03341468796133995,6.037880561592348
17742348333,0,192.5719451904297,-10.956425666809082,0.03346988558769226,6.036825758287095
17767348334,0,192.5784454345703,-10.805543899536133,0.03352417051792145,6.035427634076806
17792348334,0,192.58502197265625,-10.654714584350586,0.03357513248920441,6.0338088667852245
17817348334,0,192.5916290283203,-10.503933906555176,0.03362129256129265,6.032055034042606
17842348335,0,192.59835815429688,-10.3532075881958,0.03366256505250931,6.030202266190156
17867348335,0,192.60511779785156,-10.202533721923828,0.03369884565472603,6.0282876571291055
17892348336,0,192.61192321777344,-10.051910400390625,0.03373073413968086,6.026328548141053
17917348336,0,192.61880493164062,-9.901338577270508,0.03375823795795441,6.024325035353097
17942348336,0,192.625732421875,-9.750821113586426,0.033782005310058594,6.022284986774018
17967348337,0,192.6328125,-9.600359916687012,0.03380264341831207,6.020214470047899
17992348337,0,192.63987731933594,-9.449950218200684,0.03382037952542305,6.018147593962378
18017348337,0,192.64700317382812,-9.299592971801758,0.03383563831448555,6.016058703405705
18042348338,0,192.65411376953125,-9.14928913116455,0.033848837018013,6.013957579450524
18067348338,0,192.6613311767578,-8.999040603637695,0.033860206604003906,6.011832457096168
18092348339,0,192.6686553955078,-8.848848342895508,0.03386993333697319,6.0096939896452355
18117348339,0,192.67599487304688,-8.698711395263672,0.03387821093201637,6.007563653505315
18142348339,0,192.6833953857422,-8.548629760742188,0.03388534486293793,6.005416086028258
18167348340,0,192.69097900390625,-8.398612022399902,0.03389164060354233,6.0032306088941025
18192348340,0,192.69883728027344,-8.24692440032959,0.033858299255371094,6.094050423967459
18217348340,0,192.70692443847656,-8.093314170837402,0.03380332887172699,6.1699591877379145
18242348341,0,192.7152557373047,-7.937881946563721,0.03374156728386879,6.2422057708394885
18267348341,0,192.72390747070312,-7.7807183265686035,0.03368186950683594,6.311403533329794
18292348342,0,192.73287963867188,-7.621896266937256,0.03362766280770302,6.378042194781952
18317348342,0,192.7421875,-7.461466312408447,0.033580780029296875,6.442597004995369
18342348342,0,192.7517547607422,-7.299478054046631,0.03354114294052124,6.505315497211928
18367348343,0,192.76161193847656,-7.1359734535217285,0.03350845351815224,6.566454629051662
18392348343,0,192.7716827392578,-6.970975875854492,0.03348178789019585,6.626365792176811
18417348343,0,192.7819366455078,-6.804513931274414,0.03346019610762596,6.6851423586083945
18442348344,0,192.7923126220703,-6.636610507965088,0.03344329819083214,6.742974495897248
18467348344,0,192.80279541015625,-6.467280864715576,0.033429984003305435,6.799998501153003
18492348344,0,192.8133087158203,-6.296541213989258,0.03341972455382347,6.856332637903047
18517348345,0,192.8240509033203,-6.124416828155518,0.03341197967529297,6.912050922137049
18542348345,0,192.8347930908203,-5.950908184051514,0.03340622037649155,6.967284685892995
18567348346,0,192.84548950195312,-5.776021480560303,0.03340194746851921,7.022071819836068
18592348346,0,192.8561553955078,-5.599768161773682,0.033399008214473724,7.076535587966305
18617348346,0,192.86680603027344,-5.422158241271973,0.03339698538184166,7.130701472867339
18642348347,0,192.87750244140625,-5.243196964263916,0.03339576721191406,7.184599476634975
18667348347,0,192.88818359375,-5.062890529632568,0.03339507803320885,7.238283410029341
18692348347,0,192.8988800048828,-4.88124418258667,0.03339485079050064,7.291789082986186
18717348348,0,192.9095458984375,-4.698261737823486,0.03339485079050064,7.345128417941046
18742348348,0,192.9202117919922,-4.513943672180176,0.033395156264305115,7.398323028373528
18767348349,0,192.9308624267578,-4.328295707702637,0.033395614475011826,7.451414983664469
18792348349,0,192.94151306152344,-4.141321182250977,0.03339610993862152,7.50441858336352
18817348349,0,192.9522247314453,-3.9530224800109863,0.0333966426551342,7.557332372658555
18842348350,0,192.96292114257812,-3.7634007930755615,0.03339729085564613,7.610178692039378
18867348350,0,192.97357177734375,-3.5724551677703857,0.03339790180325508,7.662931431112124
18892348350,0,192.9841766357422,-3.3801863193511963,0.03339851275086403,7.715643133787351
18917348351,0,192.99473571777344,-3.1865968704223633,0.03339916095137596,7.768321619335374
18942348351,0,193.00534057617188,-2.9916906356811523,0.033399734646081924,7.820972909740371
18967348352,0,193.01597595214844,-2.7954678535461426,0.03340030461549759,7.873585890811053
18992348352,0,193.02651977539062,-2.5979256629943848,0.03340068832039833,7.926136106593035
19017348352,0,193.0370330810547,-2.399064302444458,0.033401068300008774,7.978675691446673
19042348353,0,193.04745483398438,-2.1988863945007324,0.033401526510715485,8.031206086572524
19067348353,0,193.0579071044922,-1.9973934888839722,0.03340186923742294,8.083721939414271
19092348353,0,193.06837463378906,-1.7945873737335205,0.0334022119641304,8.136225691092072
19117348354,0,193.07884216308594,-1.5904662609100342,0.03340248018503189,8.18870001801281
19142348354,0,193.08932495117188,-1.3850334882736206,0.03340263292193413,8.2411747120281
19167348355,0,193.09988403320312,-1.178289532661438,0.03340282291173935,8.29363530186092
19192348355,0,193.11048889160156,-0.9702351689338684,0.033402975648641586,8.34608414832774
19217348355,0,193.12110900878906,-0.760869562625885,0.03340309113264084,8.398521480539346
19242348356,0,193.13180541992188,-0.550194501876831,0.03340316563844681,8.450948932813203
19267348356,0,193.14259338378906,-0.3382115960121155,0.03340320661664009,8.503367534275853
19292348356,0,193.15341186523438,-0.12492011487483978,0.033403243869543076,8.555778857087006
19317348357,0,193.164306640625,0.08968036621809006,0.033403318375349045,8.608185087385554
19342348357,0,193.17526245117188,0.3055901527404785,0.03340328112244606,8.66058270657284
19367348358,0,193.18624877929688,0.5228092670440674,0.03340316563844681,8.712974873294266
19392348358,0,193.19729614257812,0.7413374185562134,0.03340328112244606,8.765361466769004
19417348358,0,193.2083740234375,0.9611743092536926,0.03340312838554382,8.817741957415006
19442348359,0,193.219482421875,1.1823203563690186,0.03340312838554382,8.870117793427388
19467348359,0,193.23062133789062,1.4047772884368896,0.03340316563844681,8.922463292998431
19492348359,0,193.24169921875,1.6285443305969238,0.03340309113264084,8.974676284426213
19517348360,0,193.25274658203125,1.8536099195480347,0.03340335935354233,9.026319077250143
19542348360,0,193.26382446289062,2.0799379348754883,0.03340442478656769,9.076402152812252
19567348361,0,193.27493286132812,2.307478666305542,0.033407021313905716,9.124382791996362
19592348361,0,193.285888671875,2.536186456680298,0.03341136872768402,9.170408865804387
19617348361,0,193.2967529296875,2.766018867492676,0.033417053520679474,9.214675367810178
19642348362,0,193.3074493408203,2.996917963027954,0.033424682915210724,9.256401849632097
19667348362,0,193.31802368164062,3.228806972503662,0.033434294164180756,9.294934080059601
19692348362,0,193.3284454345703,3.461597204208374,0.03344627469778061,9.3298669917675
19717348363,0,193.3387908935547,3.695197343826294,0.033460959792137146,9.361329527010723
19742348363,0,193.3490447998047,3.9295272827148438,0.033477745950222015,9.389499146025003
19767348363,0,193.35916137695312,4.164493083953857,0.03349681943655014,9.413844839838038
19792348364,0,193.36915588378906,4.3999924659729,0.03351806476712227,9.433823872546492
19817348364,0,193.37901306152344,4.635895729064941,0.03354205936193466,9.448532523071988
19842348365,0,193.3887481689453,4.872075080871582,0.033568840473890305,9.458188481118897
19867348365,0,193.3983154296875,5.108416557312012,0.03359813615679741,9.463452983922753
19892348365,0,193.40768432617188,5.344822883605957,0.03362903371453285,9.464849209194702
19917348366,0,193.41685485839844,5.581206321716309,0.033660925924777985,9.462828678194226
19942348366,0,193.42584228515625,5.817488670349121,0.03369319811463356,9.457813383501296
19967348366,0,193.43470764160156,6.053606986999512,0.03372524306178093,9.45058145171408
19992348367,0,193.44349670410156,6.289529800415039,0.03375568240880966,9.442380202532693
20017348367,0,193.45216369628906,6.525237083435059,0.033784329891204834,9.433377187311407
20042348368,0,193.46066284179688,6.760725021362305,0.03381034731864929,9.42432262541433
20067348368,0,193.468994140625,6.996004104614258,0.033833425492048264,9.415674366819415
20092348368,0,193.4772186279297,7.231072902679443,0.03385360538959503,9.407051664476228
20117348369,0,193.4853515625,7.465936183929443,0.03387107700109482,9.398654170624813
20142348369,0,193.49339294433594,7.700597286224365,0.033885955810546875,9.390385773140425
20167348369,0,193.5012664794922,7.935059547424316,0.0338987335562706,9.382191664200269
20192348370,0,193.5089569091797,8.169327735900879,0.03390960767865181,9.374123828529846
20217348370,0,193.5164337158203,8.403398513793945,0.03391887620091438,9.365881085469475
20242348371,0,193.52366638183594,8.63726806640625,0.03392703831195831,9.35743940005518
20267348371,0,193.5305633544922,8.87093448638916,0.0339340977370739,9.348793094650691
20292348371,0,193.5370635986328,9.104387283325195,0.033940620720386505,9.3398237850838
20317348372,0,193.5432891845703,9.33762264251709,0.033946190029382706,9.330743882559277
20342348372,0,193.5492706298828,9.570630073547363,0.03395149111747742,9.321229178041017
20367348372,0,193.55506896972656,9.803399085998535,0.03395625948905945,9.311503251802694
20392348373,0,193.56068420410156,10.03592300415039,0.03396083787083626,9.301229427660447
20417348373,0,193.566162109375,10.26816177368164,0.03396579623222351,9.289151568142612
20442348374,0,193.571533203125,10.499966621398926,0.03397407382726669,9.268258986727087
20467348374,0,193.57675170898438,10.730830192565918,0.033994369208812714,9.225557896069171
20492348374,0,193.58175659179688,10.9603853225708,0.034027099609375,9.174766177676675
20517348375,0,193.5865936279297,11.189136505126953,0.03405368700623512,9.146400635611712
20542348375,0,193.59127807617188,11.41741943359375,0.03406814485788345,9.134918868493159
20567348375,0,193.59576416015625,11.64565372467041,0.03406749665737152,9.13058737321181
20592348376,0,193.60006713867188,11.873815536499023,0.03405940905213356,9.127081490124061
20617348376,0,193.604248046875,12.101896286010742,0.034047774970531464,9.123674465759134
20642348377,0,193.60826110839844,12.329899787902832,0.034035224467515945,9.12027323388819
20667348377,0,193.612060546875,12.557818412780762,0.03402271121740341,9.116852002536456
20692348377,0,193.6154022216797,12.785653114318848,0.03401122987270355,9.113221776128144
20717348378,0,193.61831665039062,13.013401985168457,0.0340007022023201,9.109638109777652
20742348378,0,193.62081909179688,13.24106502532959,0.033991582691669464,9.106084716758929
20767348378,0,193.623046875,13.468643188476562,0.03398330509662628,9.102692709811322
20792348379,0,193.62503051757812,13.696138381958008,0.03397609665989876,9.099296805234449
20817348379,0,193.62681579589844,13.923551559448242,0.03396964818239212,9.095937286577112
20842348380,0,193.6283721923828,14.150880813598633,0.0339641198515892,9.092553347482314
20867348380,0,193.62977600097656,14.378129959106445,0.033959388732910156,9.089207700776084
20892348380,0,193.63095092773438,14.605294227600098,0.03395534306764603,9.085830911591483
20917348381,0,193.63189697265625,14.832372665405273,0.03395179659128189,9.08244481161681
20942348381,0,193.6324920654297,15.059367179870605,0.0339488610625267,9.078989995489623
20967348381,0,193.63278198242188,15.286274909973145,0.03394634276628494,9.075536617874574
20992348382,0,193.63278198242188,15.513096809387207,0.03394416719675064,9.072140436362124
21017348382,0,193.63247680664062,15.73983383178711,0.03394225984811783,9.068732278841676
21042348382,0,193.6317901611328,15.96648120880127,0.03394081071019173,9.065213554030084
21067348383,0,193.6306915283203,16.19070053100586,0.03399074450135231,8.94220562784188
21092348383,0,193.6293182373047,16.412193298339844,0.0340687558054924,8.837255827995815
21117348384,0,193.6276092529297,16.63128662109375,0.034150123596191406,8.74432545378017
21142348384,0,193.62564086914062,16.8482608795166,0.03422313556075096,8.66188491024795
21167348384,0,193.62347412109375,17.06338119506836,0.03428184613585472,8.58982414907107
21192348385,0,193.62123107910156,17.2768497467041,0.03432575240731239,8.524941889698505
21217348385,0,193.6188201904297,17.48879623413086,0.03435688093304634,8.464811039490655
21242348385,0,193.61631774902344,17.699350357055664,0.03437640890479088,8.410195404893559
21267348386,0,193.61370849609375,17.90863609313965,0.03438659757375717,8.360190571034932
21292348386,0,193.61094665527344,18.116727828979492,0.03438964858651161,8.31302850894178
21317348387,0,193.60806274414062,18.323711395263672,0.03438689932227135,8.269494093029262
21342348387,0,193.6050567626953,18.52968406677246,0.03437923267483711,8.230085243916822
21367348387,0,193.6019744873047,18.734756469726562,0.03436733037233353,8.194780419939253
21392348388,0,193.5988006591797,18.938997268676758,0.03435218706727028,8.162364429575815
21417348388,0,193.59556579589844,19.142513275146484,0.03433406725525856,8.134558512398735
21442348388,0,193.59222412109375,19.34543800354004,0.03431255370378494,8.112232642027774
21467348389,0,193.58883666992188,19.547935485839844,0.03428703173995018,8.096919882359522
21492348389,0,193.58544921875,19.750207901000977,0.03425666689872742,8.089819843128325
21517348390,0,193.58200073242188,19.952451705932617,0.034221380949020386,8.090603012608009
21542348390,0,193.5785369873047,20.154870986938477,0.034180983901023865,8.099424584228977
21567348390,0,193.57501220703125,20.357650756835938,0.0341365821659565,8.115386659844317
21592348391,0,193.57144165039062,20.560956954956055,0.03408901020884514,8.137935186723725
21617348391,0,193.56781005859375,20.764930725097656,0.03403926640748978,8.166041396882548
21642348391,0,193.56407165527344,20.969696044921875,0.03398876264691353,8.198860415921159
21667348392,0,193.56028747558594,21.175357818603516,0.03393867239356041,8.235692614499568
21692348392,0,193.55642700195312,21.382003784179688,0.033889275044202805,8.275967447253777
21717348393,0,193.552490234375,21.58970832824707,0.033841781318187714,8.319177634078663
21742348393,0,193.54847717285156,21.79853630065918,0.0337962731719017,8.364842684004861
21767348393,0,193.5443878173828,22.008535385131836,0.033753737807273865,8.41177550130501
21792348394,0,193.54026794433594,22.219682693481445,0.03371536359190941,8.457561898351383
21817348394,0,193.53602600097656,22.431930541992188,0.03368232771754265,8.501471556213923
21842348394,0,193.53173828125,22.645248413085938,0.03365467116236687,8.543952333669576
21867348395,0,193.52735900878906,22.859567642211914,0.03363277390599251,8.583528899698072
21892348395,0,193.5228729248047,23.074796676635742,0.0336170569062233,8.619129687518562
21917348396,0,193.5182647705078,23.29083251953125,0.033607445657253265,8.6505790742751
21942348396,0,193.5135955810547,23.507568359375,0.0336039736866951,8.678034372342669
21967348396,0,193.50885009765625,23.724910736083984,0.03360607102513313,8.701419087101897
21992348397,0,193.50401306152344,23.942752838134766,0.03361297398805618,8.720619115297778
22017348397,0,193.49908447265625,24.1610050201416,0.03362388536334038,8.736483779858672
22042348397,0,193.49403381347656,24.379596710205078,0.03363800048828125,8.749521570540844
22067348398,0,193.48887634277344,24.598459243774414,0.03365406021475792,8.759837004981836
22092348398,0,193.48362731933594,24.817508697509766,0.03367237001657486,8.766432338570283
22117348399,0,193.4783172607422,25.0366153717041,0.033693503588438034,8.76752921644235
22142348399,0,193.472900390625,25.255653381347656,0.03371772542595863,8.763769280512328
22167348399,0,193.4674835205078,25.47454833984375,0.033743515610694885,8.757800192880696
22192348400,0,193.4619903564453,25.693267822265625,0.03376930207014084,8.750583512065852
22217348400,0,193.45648193359375,25.91179847717285,0.03379421308636665,8.7428381391249
22242348400,0,193.45098876953125,26.130130767822266,0.03381721302866936,8.73479322585937
22267348401,0,193.44552612304688,26.34824562072754,0.033838577568531036,8.725636918542785
22292348401,0,193.4401397705078,26.566123962402344,0.03385826200246811,8.716119957110173
22317348401,0,193.43479919433594,26.78378677368164,0.033875349909067154,8.707448443248815
22342348402,0,193.4295654296875,27.001251220703125,0.0338897705078125,8.699740698926142
22367348402,0,193.4243927001953,27.218549728393555,0.033901479095220566,8.693198042565509
22392348403,0,193.41925048828125,27.43574333190918,0.03390956670045853,8.689962830249415
22417348403,0,193.41415405273438,27.652950286865234,0.03391303867101669,8.691459249604952
22442348403,0,193.4091796875,27.87029266357422,0.033911168575286865,8.697598273556311
22467348404,0,193.4042205810547,28.087858200073242,0.033904723823070526,8.707280663730243
22492348404,0,193.39938354492188,28.30570411682129,0.033895302563905716,8.718581103940275
22517348404,0,193.39468383789062,28.523849487304688,0.03388431295752525,8.730330404287884
22542348405,0,193.39010620117188,28.742271423339844,0.03387359529733658,8.740965537445721
22567348405,0,193.38563537597656,28.960641860961914,0.03387084975838661,8.73625666354086
22592348406,0,193.38113403320312,29.17892837524414,0.03387260437011719,8.732779055423489
22617348406,0,193.37667846679688,29.397132873535156,0.03387676179409027,8.729512706131246
22642348406,0,193.3722381591797,29.615262985229492,0.03388195112347603,8.726284592511574
22667348407,0,193.36790466308594,29.83331298828125,0.033887289464473724,8.723058304030998
22692348407,0,193.3636016845703,30.05128288269043,0.03389247879385948,8.7198381012828
22717348407,0,193.359375,30.2691707611084,0.0338972844183445,8.716621831243364
22742348408,0,193.35511779785156,30.486984252929688,0.03390159457921982,8.71340679962992
22767348408,0,193.350830078125,30.704713821411133,0.033905334770679474,8.710191682191168
22792348409,0,193.3466033935547,30.92236328125,0.03390869125723839,8.706979306205227
22817348409,0,193.34231567382812,31.13993263244629,0.03391166776418686,8.703766999638965
22842348409,0,193.33802795410156,31.357423782348633,0.033914145082235336,8.7005519887149
22867348410,0,193.33370971679688,31.574832916259766,0.03391639515757561,8.697340911916333
22892348410,0,193.3293914794922,31.792160034179688,0.033918190747499466,8.69413098541975
22917348410,0,193.32501220703125,32.00940704345703,0.03391982987523079,8.690916585967116
22942348411,0,193.32058715820312,32.22657775878906,0.033921241760253906,8.687707890570207
22967348411,0,193.31613159179688,32.443660736083984,0.03392242267727852,8.68450021855874
22992348412,0,193.31166076660156,32.660667419433594,0.03392341360449791,8.681296184020812
23017348412,0,193.30715942382812,32.87759017944336,0.03392433002591133,8.67809513644933
23042348412,0,193.30270385742188,33.09443664550781,0.033925093710422516,8.674894112572169
23067348413,0,193.2982940673828,33.31153106689453,0.03391765430569649,8.69754175994185
23092348413,0,193.29391479492188,33.529666900634766,0.03389129415154457,8.73549193134682
23117348413,0,193.28955078125,33.748653411865234,0.0338599756360054,8.768146634221342
23142348414,0,193.2852325439453,33.968379974365234,0.03383064270019531,8.79629957574357
23167348414,0,193.2809600830078,34.18870162963867,0.03380626440048218,8.819205749330806
23192348415,0,193.27671813964844,34.409481048583984,0.03378921374678612,8.836209267974818
23217348415,0,193.2725372314453,34.630577087402344,0.03377998247742653,8.847647310316153
23242348415,0,193.26841735839844,34.85186004638672,0.033777885138988495,8.854236534598256
23267348416,0,193.2643280029297,35.07321548461914,0.033782120794057846,8.856029063074967
23292348416,0,193.26031494140625,35.294517517089844,0.03379219025373459,8.852835316560167
23317348416,0,193.25637817382812,35.515655517578125,0.03380699083209038,8.84523782664353
23342348417,0,193.25259399414062,35.736534118652344,0.033825378865003586,8.834084214449328
23367348417,0,193.2489013671875,35.95708084106445,0.03384631872177124,8.820015434029834
23392348418,0,193.2453155517578,36.17723083496094,0.03386855870485306,8.803898276968138
23417348418,0,193.24176025390625,36.396976470947266,0.0338904932141304,8.78755803760608
23442348418,0,193.2382354736328,36.6163215637207,0.033910904079675674,8.771642925178865
23467348419,0,193.2347869873047,36.835289001464844,0.03392906114459038,8.756448461630818
23492348419,0,193.2313995361328,37.05387878417969,0.03394462540745735,8.741438209775204
23517348419,0,193.22808837890625,37.27210235595703,0.033958014100790024,8.726865946559307
23542348420,0,193.22471618652344,37.489990234375,0.03396877273917198,8.71372588161514
23567348420,0,193.2213592529297,37.70758056640625,0.033976782113313675,8.702185534367333
23592348420,0,193.2179718017578,37.92491149902344,0.03398212417960167,8.691795002236688
23617348421,0,193.2145233154297,38.14199447631836,0.03398532792925835,8.682240735002948
23642348421,0,193.2110137939453,38.35884475708008,0.03398716077208519,8.672671430225497
23667348422,0,193.2074432373047,38.57543182373047,0.033988721668720245,8.6620761063453
23692348422,0,193.2037811279297,38.79174041748047,0.03399040177464485,8.650776311193399
23717348422,0,193.2000732421875,39.00775909423828,0.03399227187037468,8.63934039123895
23742348423,0,193.1962890625,39.22350311279297,0.033993836492300034,8.628398457151233
23767348423,0,193.19241333007812,39.43897247314453,0.033995091915130615,8.617461494831398
23792348423,0,193.1884765625,39.65415573120117,0.03399639204144478,8.605885249748754
23817348424,0,193.18446350097656,39.86903381347656,0.03399829939007759,8.593387782685062
23842348424,0,193.18040466308594,40.08359146118164,0.03400031849741936,8.580732048354118
23867348425,0,193.17628479003906,40.297813415527344,0.03400279954075813,8.567229274485248
23892348425,0,193.17210388183594,40.511688232421875,0.03400562331080437,8.553181880839901
23917348425,0,193.16786193847656,40.72521209716797,0.03400859609246254,8.539192633977134
23942348426,0,193.16354370117188,40.93839645385742,0.03401103988289833,8.526136138599787
23967348426,0,193.15921020507812,41.15127944946289,0.03401237353682518,8.514547025791446
23992348426,0,193.15487670898438,41.36392593383789,0.034011609852313995,8.505802993028436
24017348427,0,193.15060424804688,41.576438903808594,0.03400783613324165,8.501346656073695
24042348427,0,193.14630126953125,41.78892517089844,0.03400043398141861,8.500859984066334
24067348428,0,193.14205932617188,42.00145721435547,0.03398967534303665,8.50370874125164
24092348428,0,193.1378936767578,42.21412658691406,0.033976439386606216,8.509348213132956
24117348428,0,193.1337890625,42.42698287963867,0.03396102786064148,8.517480282772688
24142348429,0,193.1298370361328,42.64008712768555,0.03394435718655586,8.52784537197824
24167348429,0,193.1262664794922,42.85348892211914,0.03392703831195831,8.539896692725499
24192348429,0,193.1229248046875,43.0672492980957,0.03390899673104286,8.55455140412627
24217348430,0,193.119873046875,43.281410217285156,0.03389057144522667,8.570983667758927
24242348430,0,193.1169891357422,43.496009826660156,0.03387210890650749,8.5888497799064
24267348431,0,193.1140594482422,43.71104049682617,0.03385520726442337,8.605292232992728
24292348431,0,193.111083984375,43.926429748535156,0.033841054886579514,8.619525392188049
