ts,agent_id,throttle,steer,brake
1988498944,0,0.8999999761581421,0.003683607093989849,0.0
2013498945,0,0.8999999761581421,0.004129715729504824,0.0
2038498945,0,0.8999999761581421,0.0048912288621068,0.0
2063498945,0,0.8999999761581421,0.002785409800708294,0.0
2088498946,0,0.8999999761581421,0.003875924274325371,0.0
2113498946,0,0.8999999761581421,0.005841750651597977,0.0
2138498947,0,0.8999999761581421,0.004536389838904142,0.0
2163498947,0,0.8999999761581421,0.005235729739069939,0.0
2188498947,0,0.8999999761581421,0.004364881198853254,0.0
2213498948,0,0.8999999761581421,0.004033627919852734,0.0
2238498948,0,0.8999999761581421,0.003863187273964286,0.0
2263498948,0,0.8999999761581421,0.00358741357922554,0.0
2288498949,0,0.8999999761581421,0.0035414842423051596,0.0
2313498949,0,0.8999999761581421,0.003450827207416296,0.0
2338498950,0,0.8999999761581421,0.003487768117338419,0.0
2363498950,0,0.8999999761581421,0.003481946187093854,0.0
2388498950,0,0.8999999761581421,0.003526949556544423,0.0
2413498951,0,0.8999999761581421,0.003610897809267044,0.0
2438498951,0,0.8999999761581421,0.0036868134047836065,0.0
2463498951,0,0.8999999761581421,0.0033378342632204294,0.0
2488498952,0,0.8999999761581421,0.003086497075855732,0.0
2513498952,0,0.8999999761581421,0.003102486254647374,0.0
2538498952,0,0.8999999761581421,0.003209288464859128,0.0
2563498953,0,0.8999999761581421,0.0032116430811583996,0.0
2588498953,0,0.8999999761581421,0.0031348455231636763,0.0
2613498954,0,0.8999999761581421,0.0032903014216572046,0.0
2638498954,0,0.8999999761581421,0.0032549577299505472,0.0
2663498954,0,0.8999999761581421,0.003237422090023756,0.0
2688498955,0,0.8999999761581421,0.0033910367637872696,0.0
2713498955,0,0.8999999761581421,0.0034234768245369196,0.0
2738498955,0,0.8999999761581421,0.0035077352076768875,0.0
2763498956,0,0.8999999761581421,0.0033193081617355347,0.0
2788498956,0,0.8999999761581421,0.003551723435521126,0.0
2813498957,0,0.8999999761581421,0.0035851038992404938,0.0
2838498957,0,0.8999999761581421,0.003435838269069791,0.0
2863498957,0,0.8999999761581421,0.0036752584856003523,0.0
2888498958,0,0.8999999761581421,0.0036036563105881214,0.0
2913498958,0,0.8999999761581421,0.003682144684717059,0.0
2938498958,0,0.8999999761581421,0.003629331011325121,0.0
2963498959,0,0.8999999761581421,0.003470000810921192,0.0
2988498959,0,0.8999999761581421,0.0035720551386475563,0.0
3013498960,0,0.8999999761581421,0.0033935722894966602,0.0
3038498960,0,0.8999999761581421,0.0034273576457053423,0.0
3063498960,0,0.8999999761581421,0.0034620906226336956,0.0
3088498961,0,0.8999999761581421,0.003279805649071932,0.0
3113498961,0,0.8999999761581421,0.0032907610293477774,0.0
3138498961,0,0.8999999761581421,0.003260754980146885,0.0
3163498962,0,0.8999999761581421,0.0031413191463798285,0.0
3188498962,0,0.8999999761581421,0.003184718079864979,0.0
3213498963,0,0.8999999761581421,0.0031488125678151846,0.0
3238498963,0,0.8999999761581421,0.003054288448765874,0.0
3263498963,0,0.8999999761581421,0.0030528726056218147,0.0
3288498964,0,0.8999999761581421,0.0030089872889220715,0.0
3313498964,0,0.8999999761581421,0.0030835443176329136,0.0
3338498964,0,0.8999999761581421,0.003083686577156186,0.0
3363498965,0,0.8999999761581421,0.002852395176887512,0.0
3388498965,0,0.8999999761581421,0.0030306559056043625,0.0
3413498966,0,0.8999999761581421,0.002936905948445201,0.0
3438498966,0,0.8999999761581421,0.0029101131949573755,0.0
3463498966,0,0.8999999761581421,0.002961269812658429,0.0
3488498967,0,0.8999999761581421,0.0028927032835781574,0.0
3513498967,0,0.8999999761581421,0.0029387471731752157,0.0
3538498967,0,0.8999999761581421,0.0030132303945720196,0.0
3563498968,0,0.8999999761581421,0.0028808428905904293,0.0
3588498968,0,0.8999999761581421,0.002956891432404518,0.0
3613498969,0,0.8999999761581421,0.002848758129402995,0.0
3638498969,0,0.8999999761581421,0.0029384526424109936,0.0
3663498969,0,0.8999999761581421,0.002954344265162945,0.0
3688498970,0,0.8999999761581421,0.002853237558156252,0.0
3713498970,0,0.8999999761581421,0.0028115306049585342,0.0
3738498970,0,0.8999999761581421,0.0028706800658255816,0.0
3763498971,0,0.8999999761581421,0.0027451454661786556,0.0
3788498971,0,0.8999999761581421,0.0028309824410825968,0.0
3813498971,0,0.8999999761581421,0.0027697370387613773,0.0
3838498972,0,0.8999999761581421,0.0027939670253545046,0.0
3863498972,0,0.8999999761581421,0.0028606283012777567,0.0
3888498973,0,0.8999999761581421,0.002772772219032049,0.0
3913498973,0,0.8999999761581421,0.002771123079583049,0.0
3938498973,0,0.8999999761581421,0.0027524579782038927,0.0
3963498974,0,0.8999999761581421,0.0027093070093542337,0.0
3988498974,0,0.8999999761581421,0.0028552254661917686,0.0
4013498974,0,0.8999999761581421,0.0026963038835674524,0.0
4038498975,0,0.8999999761581421,0.0027539606671780348,0.0
4063498975,0,0.8999999761581421,0.0028660912066698074,0.0
4088498976,0,0.8999999761581421,0.0027116206474602222,0.0
4113498976,0,0.8999999761581421,0.002771750558167696,0.0
4138498976,0,0.8999999761581421,0.0027098320424556732,0.0
4163498977,0,0.8999999761581421,0.0027567269280552864,0.0
4188498977,0,0.8999999761581421,0.00283959717489779,0.0
4213498977,0,0.8999999761581421,0.0026999367401003838,0.0
4238498978,0,0.8999999761581421,0.0028179169166833162,0.0
4263498978,0,0.8999999761581421,0.0028771432116627693,0.0
4288498979,0,0.8999999761581421,0.0027628059033304453,0.0
4313498979,0,0.8999999761581421,0.0027798102237284184,0.0
4338498979,0,0.8999999761581421,0.0028684858698397875,0.0
4363498980,0,0.8999999761581421,0.002752826549112797,0.0
4388498980,0,0.8999999761581421,0.0029044197872281075,0.0
4413498980,0,0.8999999761581421,0.0028123774100095034,0.0
4438498981,0,0.8999999761581421,0.0027674175798892975,0.0
4463498981,0,0.8999999761581421,0.002787386067211628,0.0
4488498982,0,0.8999999761581421,0.0024024236481636763,0.0
4513498982,0,0.8999999761581421,0.0022875184658914804,0.0
4538498982,0,0.8999999761581421,0.002479361603036523,0.0
4563498983,0,0.8999999761581421,0.0024342439137399197,0.0
4588498983,0,0.8999999761581421,0.0024730991572141647,0.0
4613498983,0,0.8999999761581421,0.0027125028427690268,0.0
4638498984,0,0.8999999761581421,0.0026234060060232878,0.0
4663498984,0,0.8999999761581421,0.0026597469113767147,0.0
4688498985,0,0.8999999761581421,0.0029192271176725626,0.0
4713498985,0,0.8999999761581421,0.0033071120269596577,0.0
4738498985,0,0.8999999761581421,0.0035372369457036257,0.0
4763498986,0,0.8999999761581421,0.0036721588112413883,0.0
4788498986,0,0.8999999761581421,0.0032048358116298914,0.0
4813498986,0,0.8999999761581421,0.0036190212704241276,0.0
4838498987,0,0.8999999761581421,0.0031613800674676895,0.0
4863498987,0,0.8999999761581421,0.0026665825862437487,0.0
4888498988,0,0.8999999761581421,0.002619297942146659,0.0
4913498988,0,0.8999999761581421,0.0025446354411542416,0.0
4938498988,0,0.8999999761581421,0.002416522242128849,0.0
4963498989,0,0.8999999761581421,0.0022506797686219215,0.0
4988498989,0,0.8999999761581421,0.00169369054492563,0.0
5013498989,0,0.8999999761581421,0.0016470758710056543,0.0
5038498990,0,0.8999999761581421,0.0020472125615924597,0.0
5063498990,0,0.8999999761581421,0.001986401155591011,0.0
5088498990,0,0.8999999761581421,0.0018258162308484316,0.0
5113498991,0,0.8999999761581421,0.0021268283016979694,0.0
5138498991,0,0.8999999761581421,0.0013852789998054504,0.0
5163498992,0,0.8999999761581421,0.0008978013065643609,0.0
5188498992,0,0.8999999761581421,0.00038186449091881514,0.0
5213498992,0,0.8999999761581421,0.00014444711268879473,0.0
5238498993,0,0.8999999761581421,-0.0002848388103302568,0.0
5263498993,0,0.8999999761581421,9.834618685999885e-05,0.0
5288498993,0,0.8999999761581421,0.0004187048180028796,0.0
5313498994,0,0.8999999761581421,0.00048280187183991075,0.0
5338498994,0,0.8999999761581421,0.0005187187343835831,0.0
5363498995,0,0.8999999761581421,0.0009304923005402088,0.0
5388498995,0,0.8999999761581421,0.001076504704542458,0.0
5413498995,0,0.8999999761581421,0.0015058034332469106,0.0
5438498996,0,0.8999999761581421,0.0007621822296641767,0.0
5463498996,0,0.8999999761581421,0.00025894385180436075,0.0
5488498996,0,0.8999999761581421,0.0006413362571038306,0.0
5513498997,0,0.8999999761581421,0.00018841930432245135,0.0
5538498997,0,0.8999999761581421,0.0007518885540775955,0.0
5563498998,0,0.8999999761581421,0.0010866390075534582,0.0
5588498998,0,0.8999999761581421,0.0007240143022499979,0.0
5613498998,0,0.8999999761581421,0.00152613315731287,0.0
5638498999,0,0.8999999761581421,0.0006808887701481581,0.0
5663498999,0,0.8999999761581421,0.0007295311079360545,0.0
5688498999,0,0.8999999761581421,0.0006831000209785998,0.0
5713499000,0,0.8999999761581421,0.001439233310520649,0.0
5738499000,0,0.8999999761581421,0.00169596157502383,0.0
5763499001,0,0.8999999761581421,0.002295596757903695,0.0
5788499001,0,0.8999999761581421,0.0022876195143908262,0.0
5813499001,0,0.8999999761581421,0.0017996495589613914,0.0
5838499002,0,0.8999999761581421,0.0014359420165419579,0.0
5863499002,0,0.8999999761581421,0.0009994900319725275,0.0
5888499002,0,0.8999999761581421,0.0008091169875115156,0.0
5913499003,0,0.8999999761581421,0.00021333384211175144,0.0
5938499003,0,0.8999999761581421,-0.00016694690566509962,0.0
5963499004,0,0.8999999761581421,7.340318552451208e-05,0.0
5988499004,0,0.8999999761581421,-0.0005517526296898723,0.0
6013499004,0,0.8999999761581421,-0.0016123857349157333,0.0
6038499005,0,0.8999999761581421,-0.0020122036803513765,0.0
6063499005,0,0.8999999761581421,-0.003593277186155319,0.0
6088499005,0,0.8999999761581421,-0.0025663923006504774,0.0
6113499006,0,0.8999999761581421,-0.0028945174999535084,0.0
6138499006,0,0.8999999761581421,-0.001782576902769506,0.0
6163499007,0,0.8999999761581421,-0.001458397600799799,0.0
6188499007,0,0.8999999761581421,-0.0023072862531989813,0.0
6213499007,0,0.8999999761581421,-0.003149226540699601,0.0
6238499008,0,0.8999999761581421,-0.0027548514772206545,0.0
6263499008,0,0.8999999761581421,-0.00243850564584136,0.0
6288499008,0,0.8999999761581421,-0.002349462592974305,0.0
6313499009,0,0.8999999761581421,-0.0020521858241409063,0.0
6338499009,0,0.8999999761581421,-0.0014707418158650398,0.0
6363499009,0,0.8999999761581421,-0.0012322828406468034,0.0
6388499010,0,0.8999999761581421,-0.002396212425082922,0.0
6413499010,0,0.8999999761581421,-0.0017526806332170963,0.0
6438499011,0,0.8999999761581421,-0.00028529559494927526,0.0
6463499011,0,0.8982459902763367,0.00047194046783261,0.0
6488499011,0,0.7890755534172058,0.0008225297788158059,0.0
6513499012,0,0.7484205961227417,0.0015862673753872514,0.0
6538499012,0,0.7545342445373535,0.00042717569158412516,0.0
6563499012,0,0.692501962184906,-0.00022355209512170404,0.0
6588499013,0,0.5684284567832947,0.00021799971000291407,0.0
6613499013,0,0.4791162610054016,0.0005355622270144522,0.0
6638499014,0,0.39730021357536316,0.0010478633921593428,0.0
6663499014,0,0.3296678364276886,0.0009537576697766781,0.0
6688499014,0,0.3234114348888397,0.000851186690852046,0.0
6713499015,0,0.3109438121318817,0.0009331973851658404,0.0
6738499015,0,0.2989477217197418,-3.107737938989885e-06,0.0
6763499015,0,0.2874741852283478,0.0006114157731644809,0.0
6788499016,0,0.0,0.0013305237516760826,1.0
6813499016,0,0.0,0.0020284822676330805,1.0
6838499017,0,0.0,-0.0003867765481118113,1.0
6863499017,0,0.0,-0.00045388599392026663,1.0
6888499017,0,0.2358892858028412,-0.0006442277226597071,0.0
6913499018,0,0.22559291124343872,-0.0013131237355992198,0.0
6938499018,0,0.2153116911649704,-0.0004925419925712049,0.0
6963499018,0,0.20519103109836578,-0.0001903218071674928,0.0
6988499019,0,0.1947198510169983,-0.0006031540688127279,0.0
7013499019,0,0.18418212234973907,-0.000962181540671736,0.0
7038499020,0,0.17524531483650208,-0.002753539476543665,0.0
7063499020,0,0.19771800935268402,-0.0028654136694967747,0.0
7088499020,0,0.15018102526664734,-0.0008797241025604308,0.0
7113499021,0,0.14370326697826385,-0.00175754283554852,0.0
7138499021,0,0.13369633257389069,-0.002024580491706729,0.0
7163499021,0,0.12371056526899338,-0.002196036744862795,0.0
7188499022,0,0.0,-0.002842508489266038,1.0
7213499022,0,0.10435423254966736,-0.0018684465903788805,0.0
7238499023,0,0.09525937587022781,0.0028749960474669933,0.0
7263499023,0,0.08617538958787918,0.0062276809476315975,0.0
7288499023,0,0.07730208337306976,0.006899100262671709,0.0
7313499024,0,0.0,0.005996644496917725,1.0
7338499024,0,0.0,0.006997607182711363,1.0
7363499024,0,0.0,0.006817829329520464,1.0
7388499025,0,0.04315410926938057,0.009569553658366203,0.0
7413499025,0,0.03564554452896118,0.006717389915138483,0.0
7438499026,0,0.1950397789478302,0.006974476855248213,0.0
7463499026,0,0.35992854833602905,0.0061927661299705505,0.0
7488499026,0,0.4522295594215393,0.0029836585745215416,0.0
7513499027,0,0.4363971948623657,0.0032768144737929106,0.0
7538499027,0,0.47318005561828613,0.002787017496302724,0.0
7563499027,0,0.3876550495624542,0.0016896195011213422,0.0
7588499028,0,0.2575738728046417,0.0014998739352449775,0.0
7613499028,0,0.14684465527534485,0.0020939894020557404,0.0
7638499028,0,0.24300500750541687,-0.0006096427678130567,0.0
7663499029,0,0.4478795826435089,-0.00037147835246287286,0.0
7688499029,0,0.5783596634864807,0.00028205549460835755,0.0
7713499030,0,0.6052320003509521,-0.0009234544122591615,0.0
7738499030,0,0.8153272867202759,-0.0016763816820457578,0.0
7763499030,0,0.8780362010002136,-0.0007911251741461456,0.0
7788499031,0,0.8970219492912292,-0.001890290412120521,0.0
7813499031,0,0.8999999761581421,-0.0018888674676418304,0.0
7838499031,0,0.7972918152809143,-0.0004019751213490963,0.0
7863499032,0,0.7771093845367432,-0.0004052450822200626,0.0
7888499032,0,0.7801769971847534,-0.00023220082221087068,0.0
7913499033,0,0.8473559021949768,-0.004023745656013489,0.0
7938499033,0,0.7766250967979431,-0.008573275059461594,0.0
7963499033,0,0.6895014643669128,-0.005665764212608337,0.0
7988499034,0,0.44352996349334717,-0.009736087173223495,0.0
8013499034,0,0.17842982709407806,-0.00831021461635828,0.0
8038499034,0,0.1953851878643036,-0.007020134013146162,0.0
8063499035,0,0.5131471753120422,-0.005203736014664173,0.0
8088499035,0,0.0,-0.004311131313443184,1.0
8113499036,0,0.1501704603433609,-0.0037978740874677896,0.0
8138499036,0,0.1501704603433609,-0.002982298145070672,0.0
8163499036,0,0.0,0.0005700134206563234,1.0
8188499037,0,0.0,-0.0012451420770958066,1.0
8213499037,0,0.0,0.001346082310192287,1.0
8238499037,0,0.0,-0.0009010385838337243,1.0
8263499038,0,0.0,0.006115791387856007,1.0
8288499038,0,0.0,0.011974995024502277,1.0
8313499039,0,0.0,0.008404668420553207,1.0
8338499039,0,0.0,-0.00011106030433438718,1.0
8363499039,0,0.0,-0.0015654594171792269,1.0
8388499040,0,0.0,0.00566039839759469,1.0
8413499040,0,0.0,0.009824730455875397,1.0
8438499040,0,0.14833274483680725,0.006682288367301226,0.0
8463499041,0,0.25951120257377625,0.0024576543364673853,0.0
8488499041,0,0.15166707336902618,0.00722141657024622,0.0
8513499042,0,0.13325664401054382,0.006332601420581341,0.0
8538499042,0,0.2639129161834717,0.00486638443544507,0.0
8563499042,0,0.1129859983921051,0.00880539882928133,0.0
8588499043,0,0.12413989752531052,0.004943470470607281,0.0
8613499043,0,0.0,0.014554698020219803,1.0
8638499043,0,0.0,0.016086818650364876,1.0
8663499044,0,0.0,0.016559647396206856,1.0
8688499044,0,0.10871079564094543,0.017302272841334343,0.0
8713499044,0,0.10183979570865631,0.019583838060498238,0.0
8738499045,0,0.09268349409103394,0.0192730613052845,0.0
8763499045,0,0.0,0.016018234193325043,1.0
8788499046,0,0.07251683622598648,0.023550936952233315,0.0
8813499046,0,0.06229591742157936,0.012526510283350945,0.0
8838499046,0,0.05342019721865654,0.018781090155243874,0.0
8863499047,0,0.04500774294137955,0.01646537519991398,0.0
8888499047,0,0.03670337051153183,0.011533191427588463,0.0
8913499047,0,0.0,0.01203080452978611,1.0
8938499048,0,0.0,0.00850969273597002,1.0
8963499048,0,0.0,0.006016298197209835,1.0
8988499049,0,0.0,0.006552211940288544,1.0
9013499049,0,0.0,0.021474992856383324,1.0
9038499049,0,0.007121567614376545,0.0300014428794384,0.0
9063499050,0,0.0030027509201318026,0.01337992399930954,0.0
9088499050,0,0.15878556668758392,0.009625004604458809,0.0
9113499050,0,0.2542427182197571,-0.0036242734640836716,0.0
9138499051,0,0.1851569265127182,-0.0028267919551581144,0.0
9163499051,0,0.24462945759296417,-0.0026108042802661657,0.0
9188499052,0,0.19206927716732025,0.0034302291460335255,0.0
9213499052,0,0.34803271293640137,0.00017721067706588656,0.0
9238499052,0,0.385254830121994,0.004752187989652157,0.0
9263499053,0,0.3344489336013794,-0.0014103729045018554,0.0
9288499053,0,0.6085556149482727,0.0018815705552697182,0.0
9313499053,0,0.6265259981155396,-0.006384736858308315,0.0
9338499054,0,0.8044630885124207,-0.009617295116186142,0.0
9363499054,0,0.5886997580528259,-0.012483530677855015,0.0
9388499055,0,0.5334082841873169,-0.009919682517647743,0.0
9413499055,0,0.5313368439674377,0.0003535746945999563,0.0
9438499055,0,0.5323657989501953,-0.0018448554910719395,0.0
9463499056,0,0.5895887613296509,0.003925087861716747,0.0
9488499056,0,0.5624605417251587,0.0027415554504841566,0.0
9513499056,0,0.5410423874855042,0.001150183961726725,0.0
9538499057,0,0.5658544301986694,0.006167680956423283,0.0
9563499057,0,0.5088663697242737,-0.011805831454694271,0.0
9588499058,0,0.5301169753074646,-0.03433772921562195,0.0
9613499058,0,0.5203534364700317,-0.013748937286436558,0.0
9638499058,0,0.5470406413078308,-0.014219500124454498,0.0
9663499059,0,0.6746022701263428,-0.00532878702506423,0.0
9688499059,0,0.6958820223808289,-0.002999719465151429,0.0
9713499059,0,0.7009086608886719,-0.003546470543369651,0.0
9738499060,0,0.6535757780075073,-0.00875503197312355,0.0
9763499060,0,0.7817656397819519,-0.0020348727703094482,0.0
9788499061,0,0.5242982506752014,-0.01216757670044899,0.0
9813499061,0,0.6807249784469604,-0.009397167712450027,0.0
9838499061,0,0.6682496666908264,-0.01107934769243002,0.0
9863499062,0,0.6680772304534912,-0.017995057627558708,0.0
9888499062,0,0.7048565745353699,-0.010593418963253498,0.0
9913499062,0,0.7916844487190247,-0.019275235012173653,0.0
9938499063,0,0.8999999761581421,-0.013456182554364204,0.0
9963499063,0,0.8999999761581421,-0.013274488039314747,0.0
9988499063,0,0.8999999761581421,-0.020762566477060318,0.0
10013499064,0,0.8999999761581421,-0.01843097433447838,0.0
10038499064,0,0.8999999761581421,-0.018379589542746544,0.0
10063499065,0,0.8999999761581421,-0.015344449318945408,0.0
10088499065,0,0.8999999761581421,-0.018591001629829407,0.0
10113499065,0,0.8999999761581421,-0.019939100369811058,0.0
10138499066,0,0.8999999761581421,-0.017563486471772194,0.0
10163499066,0,0.8999999761581421,-0.01963125169277191,0.0
10188499066,0,0.8999999761581421,-0.02673029899597168,0.0
10213499067,0,0.8999999761581421,-0.028764843940734863,0.0
10238499067,0,0.8999999761581421,-0.02968982420861721,0.0
10263499068,0,0.8999999761581421,-0.030865829437971115,0.0
10288499068,0,0.8999999761581421,-0.03031228482723236,0.0
10313499068,0,0.8999999761581421,-0.02696889266371727,0.0
10338499069,0,0.8999999761581421,-0.025904415175318718,0.0
10363499069,0,0.8999999761581421,-0.029230404645204544,0.0
10388499069,0,0.8999999761581421,-0.027127966284751892,0.0
10413499070,0,0.8999999761581421,-0.025944864377379417,0.0
10438499070,0,0.8999999761581421,-0.025824788957834244,0.0
10463499071,0,0.8999999761581421,-0.024808576330542564,0.0
10488499071,0,0.8999999761581421,-0.02422969415783882,0.0
10513499071,0,0.8999999761581421,-0.021801937371492386,0.0
10538499072,0,0.8999999761581421,-0.02125234343111515,0.0
10563499072,0,0.8999999761581421,-0.01907544583082199,0.0
10588499072,0,0.8999999761581421,-0.016762401908636093,0.0
10613499073,0,0.8999999761581421,-0.01640005223453045,0.0
10638499073,0,0.8999999761581421,-0.01753176935017109,0.0
10663499074,0,0.8999999761581421,-0.01226196251809597,0.0
10688499074,0,0.8999999761581421,-0.010528793558478355,0.0
10713499074,0,0.8999999761581421,-0.008343012072145939,0.0
10738499075,0,0.8999999761581421,-0.007609636057168245,0.0
10763499075,0,0.8999999761581421,-0.0052453321404755116,0.0
10788499075,0,0.8999999761581421,-0.004573658108711243,0.0
10813499076,0,0.8999999761581421,-0.003972644452005625,0.0
10838499076,0,0.8999999761581421,-0.003291791072115302,0.0
10863499077,0,0.8999999761581421,-0.0024959659203886986,0.0
10888499077,0,0.8999999761581421,-0.0025125264655798674,0.0
10913499077,0,0.8999999761581421,-0.0025911973789334297,0.0
10938499078,0,0.8999999761581421,-0.0024248238187283278,0.0
10963499078,0,0.8999999761581421,-0.001415457110852003,0.0
10988499078,0,0.8999999761581421,-0.00027585425414144993,0.0
11013499079,0,0.8999999761581421,-0.0003432141675148159,0.0
11038499079,0,0.8999999761581421,-0.0005027062143199146,0.0
11063499080,0,0.8999999761581421,-0.0007601217948831618,0.0
11088499080,0,0.8999999761581421,-0.0010167533764615655,0.0
11113499080,0,0.8999999761581421,-0.001050522900186479,0.0
11138499081,0,0.8999999761581421,-0.0016394105041399598,0.0
11163499081,0,0.8999999761581421,-0.0015096766874194145,0.0
11188499081,0,0.8999999761581421,0.00032363570062443614,0.0
11213499082,0,0.8999999761581421,0.0005684823263436556,0.0
11238499082,0,0.8999999761581421,0.0014749594265595078,0.0
11263499082,0,0.8999999761581421,0.002010486088693142,0.0
11288499083,0,0.8999999761581421,0.00208565522916615,0.0
11313499083,0,0.8999999761581421,0.002251887694001198,0.0
11338499084,0,0.8999999761581421,0.002576324623078108,0.0
11363499084,0,0.8999999761581421,0.003194177756085992,0.0
11388499084,0,0.8999999761581421,0.002288856077939272,0.0
11413499085,0,0.8999999761581421,0.0022701912093907595,0.0
11438499085,0,0.8999999761581421,0.0016852224944159389,0.0
11463499085,0,0.8999999761581421,0.0018749580485746264,0.0
11488499086,0,0.8999999761581421,0.004381922073662281,0.0
11513499086,0,0.8999999761581421,0.004449713043868542,0.0
11538499087,0,0.8999999761581421,0.005606836639344692,0.0
11563499087,0,0.8999999761581421,0.006305940914899111,0.0
11588499087,0,0.8999999761581421,0.006054965313524008,0.0
11613499088,0,0.8999999761581421,0.005860998295247555,0.0
11638499088,0,0.8999999761581421,0.006682618521153927,0.0
11663499088,0,0.8999999761581421,0.004726486746221781,0.0
11688499089,0,0.8999999761581421,0.006226690951734781,0.0
11713499089,0,0.8999999761581421,0.00819896999746561,0.0
11738499090,0,0.8999999761581421,0.00882804486900568,0.0
11763499090,0,0.8552749752998352,0.009213510900735855,0.0
11788499090,0,0.8999999761581421,0.006693149916827679,0.0
11813499091,0,0.8986465930938721,0.006682428065687418,0.0
11838499091,0,0.8060604929924011,0.007272638846188784,0.0
11863499091,0,0.8574913740158081,0.007515560369938612,0.0
11888499092,0,0.7978620529174805,0.006762607488781214,0.0
11913499092,0,0.7587596774101257,0.005822055973112583,0.0
11938499093,0,0.8999999761581421,0.0037415320985019207,0.0
11963499093,0,0.832915723323822,0.004790519829839468,0.0
11988499093,0,0.8340715765953064,0.004503210540860891,0.0
12013499094,0,0.842541515827179,0.004446971230208874,0.0
12038499094,0,0.7469457387924194,0.0037453612312674522,0.0
12063499094,0,0.7559762597084045,0.0034509431570768356,0.0
12088499095,0,0.7308626174926758,0.004388989880681038,0.0
12113499095,0,0.7854261994361877,0.004413638263940811,0.0
12138499096,0,0.823904812335968,0.003781299339607358,0.0
12163499096,0,0.7580903172492981,0.003637956455349922,0.0
12188499096,0,0.8472400903701782,0.0036190098617225885,0.0
12213499097,0,0.8528143167495728,0.003563269739970565,0.0
12238499097,0,0.8528110384941101,0.003085856791585684,0.0
12263499097,0,0.847133457660675,0.002722119214013219,0.0
12288499098,0,0.8382001519203186,0.0025582686066627502,0.0
12313499098,0,0.834522545337677,0.00245335279032588,0.0
12338499099,0,0.8453347086906433,0.0022713395301252604,0.0
12363499099,0,0.8432103395462036,0.0031110530253499746,0.0
12388499099,0,0.8422385454177856,0.0034752970095723867,0.0
12413499100,0,0.8365975022315979,0.0028737224638462067,0.0
12438499100,0,0.8293295502662659,0.004033589735627174,0.0
12463499100,0,0.8090105652809143,0.0038741801399737597,0.0
12488499101,0,0.7649157643318176,0.004292021039873362,0.0
12513499101,0,0.7002620100975037,0.004694743547588587,0.0
12538499101,0,0.6354654431343079,0.0047250366769731045,0.0
12563499102,0,0.6209743022918701,0.004668788518756628,0.0
12588499102,0,0.625111997127533,0.004996101371943951,0.0
12613499103,0,0.5879798531532288,0.005627511069178581,0.0
12638499103,0,0.5240741968154907,0.004195558838546276,0.0
12663499103,0,0.5069400072097778,0.0026190460193902254,0.0
12688499104,0,0.5021365880966187,0.003372263628989458,0.0
12713499104,0,0.46615615487098694,0.004144749604165554,0.0
12738499104,0,0.4655877351760864,0.0035896343179047108,0.0
12763499105,0,0.43572738766670227,0.0030089260544627905,0.0
12788499105,0,0.36473551392555237,0.003918473608791828,0.0
12813499106,0,0.40750396251678467,0.0027788723818957806,0.0
12838499106,0,0.35473811626434326,0.002777277259156108,0.0
12863499106,0,0.36879557371139526,0.002350980881601572,0.0
12888499107,0,0.41385453939437866,0.0007876986637711525,0.0
12913499107,0,0.4307810366153717,0.0011987379984930158,0.0
12938499107,0,0.4176200032234192,0.0014397540362551808,0.0
12963499108,0,0.42734065651893616,0.00161738449241966,0.0
12988499108,0,0.40411025285720825,0.001680176705121994,0.0
13013499109,0,0.3878624737262726,0.0018317244248464704,0.0
13038499109,0,0.3918571174144745,0.0009436162654310465,0.0
13063499109,0,0.3851529061794281,0.0008376700570806861,0.0
13088499110,0,0.3820590674877167,0.0009583623614162207,0.0
13113499110,0,0.3972952365875244,0.0006984480423852801,0.0
13138499110,0,0.4178731143474579,0.0017024559201672673,0.0
13163499111,0,0.4077468812465668,0.001424509915523231,0.0
13188499111,0,0.38778018951416016,0.0017781059723347425,0.0
13213499112,0,0.38924458622932434,0.0016860720934346318,0.0
13238499112,0,0.3838346600532532,0.0027777981013059616,0.0
13263499112,0,0.37637433409690857,0.003244275925680995,0.0
13288499113,0,0.3906041383743286,0.004929674789309502,0.0
13313499113,0,0.39086610078811646,0.005666966550052166,0.0
13338499113,0,0.3733815848827362,0.005110269412398338,0.0
13363499114,0,0.355993390083313,0.00532197393476963,0.0
13388499114,0,0.3597760498523712,0.005913179367780685,0.0
13413499115,0,0.35994595289230347,0.003869195468723774,0.0
13438499115,0,0.365325003862381,0.0019531736616045237,0.0
13463499115,0,0.37351834774017334,0.001822073943912983,0.0
13488499116,0,0.37794366478919983,0.0023154739756137133,0.0
13513499116,0,0.38891828060150146,0.0027412495110183954,0.0
13538499116,0,0.4133272171020508,0.0019408835796639323,0.0
13563499117,0,0.40032702684402466,0.0019433866254985332,0.0
13588499117,0,0.3858878016471863,0.0014900100650265813,0.0
13613499118,0,0.37692978978157043,0.0021645864471793175,0.0
13638499118,0,0.3775426745414734,0.001972282538190484,0.0
13663499118,0,0.3873012959957123,0.0022428035736083984,0.0
13688499119,0,0.3853467106819153,0.001960593042895198,0.0
13713499119,0,0.4046134054660797,0.003040969604626298,0.0
13738499119,0,0.4074966013431549,0.002889868803322315,0.0
13763499120,0,0.42315879464149475,0.001774585573002696,0.0
13788499120,0,0.394858181476593,0.0018230414716526866,0.0
13813499120,0,0.38592806458473206,0.00191299372818321,0.0
13838499121,0,0.3906894326210022,8.305509982164949e-05,0.0
13863499121,0,0.40518492460250854,-7.778447616146877e-05,0.0
13888499122,0,0.4020232558250427,8.133616938721389e-05,0.0
13913499122,0,0.3927774131298065,1.9157256247126497e-05,0.0
13938499122,0,0.40402013063430786,0.0011190226068720222,0.0
13963499123,0,0.39161208271980286,2.3295211576623842e-05,0.0
13988499123,0,0.41047683358192444,-0.001171050127595663,0.0
14013499123,0,0.4330357611179352,-0.0007314762915484607,0.0
14038499124,0,0.4303476810455322,-0.00039993319660425186,0.0
14063499124,0,0.419668972492218,-0.0002422383549856022,0.0
14088499125,0,0.41993802785873413,-0.00041541780228726566,0.0
14113499125,0,0.4214174151420593,-0.001712052384391427,0.0
14138499125,0,0.42526596784591675,-0.004155484028160572,0.0
14163499126,0,0.4396025538444519,-0.004211604129523039,0.0
14188499126,0,0.4452705383300781,-0.0021444987505674362,0.0
14213499126,0,0.4447305202484131,-0.0013598906807601452,0.0
14238499127,0,0.42944082617759705,-0.0011708850506693125,0.0
14263499127,0,0.4532144367694855,-0.0007273212540894747,0.0
14288499128,0,0.44708821177482605,-0.0025538019835948944,0.0
14313499128,0,0.4598628878593445,-0.002252661855891347,0.0
14338499128,0,0.46058300137519836,-0.0017297326121479273,0.0
14363499129,0,0.4597662389278412,-0.0009508007788099349,0.0
14388499129,0,0.45930585265159607,-0.000508447817992419,0.0
14413499129,0,0.47202757000923157,0.000753385538700968,0.0
14438499130,0,0.4735826849937439,0.00019730851636268198,0.0
14463499130,0,0.47295379638671875,-0.0013976687332615256,0.0
14488499131,0,0.45080021023750305,-0.001862841658294201,0.0
14513499131,0,0.4204292893409729,-0.00042530163773335516,0.0
14538499131,0,0.4002373218536377,-0.000700817268807441,0.0
14563499132,0,0.38651391863822937,0.0001746450870996341,0.0
14588499132,0,0.3899247944355011,-0.000111124332761392,0.0
14613499132,0,0.3819122612476349,2.0429379219422117e-05,0.0
14638499133,0,0.3836207389831543,0.00040944991633296013,0.0
14663499133,0,0.4086873531341553,5.447218063636683e-05,0.0
14688499134,0,0.4191036820411682,-0.0006935943383723497,0.0
14713499134,0,0.4219208359718323,8.378650090890005e-05,0.0
14738499134,0,0.4159403145313263,-0.001151827396824956,0.0
14763499135,0,0.39647358655929565,-0.00014828909479547292,0.0
14788499135,0,0.386100709438324,0.001087235170416534,0.0
14813499135,0,0.3807263970375061,0.0006973267300054431,0.0
14838499136,0,0.39232850074768066,6.664983811788261e-05,0.0
14863499136,0,0.4040098786354065,-0.00047917902702465653,0.0
14888499137,0,0.4432793855667114,5.2487157518044114e-05,0.0
14913499137,0,0.45502930879592896,-0.0023049013689160347,0.0
14938499137,0,0.43440350890159607,-0.0021313775796443224,0.0
14963499138,0,0.4551194906234741,-0.0037185698747634888,0.0
14988499138,0,0.4646811783313751,-0.004800989758223295,0.0
15013499138,0,0.4880741834640503,-0.0025559947825968266,0.0
15038499139,0,0.4688471555709839,-0.0032599824480712414,0.0
15063499139,0,0.47737258672714233,-0.0042135026305913925,0.0
15088499139,0,0.5005089640617371,-0.005295543931424618,0.0
15113499140,0,0.4964156746864319,-0.0038549944292753935,0.0
15138499140,0,0.45616859197616577,-0.0003531720140017569,0.0
15163499141,0,0.44242599606513977,-0.0004122431855648756,0.0
15188499141,0,0.42976972460746765,-0.00014996108075138181,0.0
15213499141,0,0.42002689838409424,0.00016662816051393747,0.0
15238499142,0,0.39608949422836304,0.0004387001972645521,0.0
15263499142,0,0.39898884296417236,0.002778742928057909,0.0
15288499142,0,0.4007563591003418,0.0022644922137260437,0.0
15313499143,0,0.3982279300689697,0.0027000391855835915,0.0
15338499143,0,0.4269809424877167,0.0033046547323465347,0.0
15363499144,0,0.44070160388946533,0.0010940852807834744,0.0
15388499144,0,0.4349645972251892,0.0013916752068325877,0.0
15413499144,0,0.4174059331417084,0.001675465377047658,0.0
15438499145,0,0.4131808280944824,0.0007492589647881687,0.0
15463499145,0,0.3375563621520996,0.0017386431572958827,0.0
15488499145,0,0.3665356934070587,0.0008518697577528656,0.0
15513499146,0,0.32880502939224243,0.0016482897335663438,0.0
15538499146,0,0.29841700196266174,0.0004019011394120753,0.0
15563499147,0,0.3328923285007477,0.00020126717572566122,0.0
15588499147,0,0.30215883255004883,0.001065604854375124,0.0
15613499147,0,0.34086307883262634,-0.00017121007840614766,0.0
15638499148,0,0.3366280794143677,0.0007705051102675498,0.0
15663499148,0,0.3269380033016205,-0.001057661953382194,0.0
15688499148,0,0.35075312852859497,-0.005550872068852186,0.0
15713499149,0,0.3213827311992645,-0.006566649302840233,0.0
15738499149,0,0.2519398331642151,-0.00816152524203062,0.0
15763499150,0,0.3809347450733185,-0.010803348384797573,0.0
15788499150,0,0.3888877332210541,-0.00457338523119688,0.0
15813499150,0,0.41641300916671753,-0.0055946605280041695,0.0
15838499151,0,0.4195661246776581,-0.007314880844205618,0.0
15863499151,0,0.42955997586250305,-0.006726494058966637,0.0
15888499151,0,0.4310237169265747,-0.005854852497577667,0.0
15913499152,0,0.4197942912578583,-0.006196918431669474,0.0
15938499152,0,0.43061915040016174,-0.003518229117617011,0.0
15963499153,0,0.4687458574771881,-0.004509087186306715,0.0
15988499153,0,0.4568215012550354,-0.0045943595468997955,0.0
16013499153,0,0.4591410458087921,-0.004925577901303768,0.0
16038499154,0,0.4436170160770416,-0.001083669252693653,0.0
16063499154,0,0.38947468996047974,0.001655525411479175,0.0
16088499154,0,0.4382830858230591,0.002760223113000393,0.0
16113499155,0,0.4357321858406067,0.0026964277494698763,0.0
16138499155,0,0.44052189588546753,0.003033151850104332,0.0
16163499156,0,0.4475553035736084,0.0031203364487737417,0.0
16188499156,0,0.4309888184070587,0.0019857280422002077,0.0
16213499156,0,0.4548293352127075,0.0013961532386019826,0.0
16238499157,0,0.44270139932632446,0.0009231712319888175,0.0
16263499157,0,0.4377891421318054,0.0010553253814578056,0.0
16288499157,0,0.43198031187057495,0.0008353506564162672,0.0
16313499158,0,0.4356744587421417,0.0011662220349535346,0.0
16338499158,0,0.4219253957271576,0.0022831542883068323,0.0
16363499158,0,0.43271923065185547,0.002399143762886524,0.0
16388499159,0,0.4295038878917694,0.0005028499290347099,0.0
16413499159,0,0.43050527572631836,-0.000159799397806637,0.0
16438499160,0,0.4257747530937195,-0.0005219374434091151,0.0
16463499160,0,0.4495021402835846,-0.001465659006498754,0.0
16488499160,0,0.44463297724723816,-0.001964821945875883,0.0
16513499161,0,0.4447586238384247,-0.0022339073475450277,0.0
16538499161,0,0.4490070044994354,-0.0020761198829859495,0.0
16563499161,0,0.44444558024406433,-0.003152379998937249,0.0
16588499162,0,0.4281764328479767,-0.002991223009303212,0.0
16613499162,0,0.43151986598968506,-0.0022228595335036516,0.0
16638499163,0,0.43763235211372375,-0.002990557113662362,0.0
16663499163,0,0.4345650374889374,-0.003011242486536503,0.0
16688499163,0,0.43464747071266174,-0.0024628539104014635,0.0
16713499164,0,0.4439147710800171,-0.002598188351839781,0.0
16738499164,0,0.45275434851646423,-0.0014730668626725674,0.0
16763499164,0,0.447546124458313,2.088330074911937e-05,0.0
16788499165,0,0.4568864703178406,0.00014767723041586578,0.0
16813499165,0,0.46078866720199585,0.0001034033703035675,0.0
16838499166,0,0.4814870059490204,0.0014574769884347916,0.0
16863499166,0,0.48520612716674805,0.0021161918994039297,0.0
16888499166,0,0.46509307622909546,0.0031798756681382656,0.0
16913499167,0,0.43615561723709106,0.002748379949480295,0.0
16938499167,0,0.4503061771392822,0.003796241944655776,0.0
16963499167,0,0.4635958969593048,0.0038821883499622345,0.0
16988499168,0,0.4635458290576935,0.003144883783534169,0.0
17013499168,0,0.46745264530181885,0.003443986177444458,0.0
17038499169,0,0.4516143500804901,0.004356427118182182,0.0
17063499169,0,0.46502649784088135,0.0033244038932025433,0.0
17088499169,0,0.4512680172920227,0.003413650207221508,0.0
17113499170,0,0.4582558572292328,0.004267275799065828,0.0
17138499170,0,0.4713745713233948,0.005546940490603447,0.0
17163499170,0,0.4785815477371216,0.007160712033510208,0.0
17188499171,0,0.4464561939239502,0.006761804688721895,0.0
17213499171,0,0.4404700696468353,0.004065721295773983,0.0
17238499172,0,0.4657003879547119,0.004337355028837919,0.0
17263499172,0,0.46996402740478516,0.004816817119717598,0.0
17288499172,0,0.4697578549385071,0.004951683804392815,0.0
17313499173,0,0.4725950062274933,0.006868981756269932,0.0
17338499173,0,0.47276219725608826,0.00730863818898797,0.0
17363499173,0,0.47207707166671753,0.006091566756367683,0.0
17388499174,0,0.4960392415523529,0.00693009328097105,0.0
17413499174,0,0.4863557517528534,0.00890283565968275,0.0
17438499175,0,0.48943421244621277,0.010034384205937386,0.0
17463499175,0,0.4620193541049957,0.010824422352015972,0.0
17488499175,0,0.4466748833656311,0.012508003041148186,0.0
17513499176,0,0.4451206922531128,0.013361778110265732,0.0
17538499176,0,0.43279457092285156,0.01291278749704361,0.0
17563499176,0,0.41361263394355774,0.01290830597281456,0.0
17588499177,0,0.4297967255115509,0.013757369481027126,0.0
17613499177,0,0.41419488191604614,0.013494559563696384,0.0
17638499177,0,0.3681449294090271,0.012421335093677044,0.0
17663499178,0,0.34376466274261475,0.010974736884236336,0.0
17688499178,0,0.3364189863204956,0.008813178166747093,0.0
17713499179,0,0.3529149889945984,0.007702683098614216,0.0
17738499179,0,0.3664212226867676,0.0076686916872859,0.0
17763499179,0,0.3876812756061554,0.006765518803149462,0.0
17788499180,0,0.40003740787506104,0.00723283039405942,0.0
17813499180,0,0.4161050617694855,0.00743631599470973,0.0
17838499180,0,0.4494358003139496,0.005672765430063009,0.0
17863499181,0,0.44512394070625305,0.006483411882072687,0.0
17888499181,0,0.45204874873161316,0.005179170053452253,0.0
17913499182,0,0.461316853761673,0.0037634584587067366,0.0
17938499182,0,0.47275614738464355,0.003303332719951868,0.0
17963499182,0,0.463060587644577,0.0029100533574819565,0.0
17988499183,0,0.46282127499580383,0.0030429104808717966,0.0
18013499183,0,0.46734365820884705,0.0029686549678444862,0.0
18038499183,0,0.47395971417427063,0.0032662334851920605,0.0
18063499184,0,0.46567872166633606,0.0028051387052983046,0.0
18088499184,0,0.47923460602760315,0.0032129352912306786,0.0
18113499185,0,0.4903775751590729,0.0032225472386926413,0.0
18138499185,0,0.47778427600860596,0.0034921690821647644,0.0
18163499185,0,0.4459966719150543,0.004033811390399933,0.0
18188499186,0,0.4415803849697113,0.004427460953593254,0.0
18213499186,0,0.42146092653274536,0.004140899050980806,0.0
18238499186,0,0.4170951247215271,0.004531059414148331,0.0
18263499187,0,0.427121102809906,0.004978358279913664,0.0
18288499187,0,0.4106031060218811,0.00611583236604929,0.0
18313499188,0,0.4243529140949249,0.004594455007463694,0.0
18338499188,0,0.4302740693092346,0.005561778787523508,0.0
18363499188,0,0.4140339493751526,0.0028518415056169033,0.0
18388499189,0,0.3892052471637726,0.003301925491541624,0.0
18413499189,0,0.39651358127593994,0.003682977519929409,0.0
18438499189,0,0.3812341094017029,0.0025411946699023247,0.0
18463499190,0,0.3753036856651306,0.002274241065606475,0.0
18488499190,0,0.38000980019569397,0.0017291378462687135,0.0
18513499191,0,0.3925754129886627,0.0012384868459776044,0.0
18538499191,0,0.4045964181423187,0.0013254423392936587,0.0
18563499191,0,0.424701452255249,0.0018012190703302622,0.0
18588499192,0,0.41117843985557556,0.0007617852534167469,0.0
18613499192,0,0.3951881229877472,-0.0004720101715065539,0.0
18638499192,0,0.399698406457901,-0.0007306196494027972,0.0
18663499193,0,0.43138939142227173,-0.0010738765122368932,0.0
18688499193,0,0.4272076189517975,-0.0010647112503647804,0.0
18713499194,0,0.46118322014808655,-0.001657758024521172,0.0
18738499194,0,0.45301929116249084,-0.0014434452168643475,0.0
18763499194,0,0.4257606565952301,-0.0006597407627850771,0.0
18788499195,0,0.43620431423187256,-0.000867352937348187,0.0
18813499195,0,0.43874266743659973,-0.001167216687463224,0.0
18838499195,0,0.43834763765335083,-0.0019357012351974845,0.0
18863499196,0,0.43708786368370056,-0.002368136076256633,0.0
18888499196,0,0.4396289587020874,-0.0010311778169125319,0.0
18913499196,0,0.42903047800064087,-0.0009406365570612252,0.0
18938499197,0,0.4081067442893982,-0.00022412982070818543,0.0
18963499197,0,0.4086747169494629,-0.0010489833075553179,0.0
18988499198,0,0.40157026052474976,-0.0005889487219974399,0.0
19013499198,0,0.38494059443473816,-0.0006569531979039311,0.0
19038499198,0,0.373587965965271,-0.00026395125314593315,0.0
19063499199,0,0.3790329396724701,0.00019669663743115962,0.0
19088499199,0,0.3869073987007141,0.0018775507342070341,0.0
19113499199,0,0.3819526433944702,0.0020820535719394684,0.0
19138499200,0,0.3751645088195801,0.0032998351380228996,0.0
19163499200,0,0.3512803912162781,0.002462960546836257,0.0
19188499201,0,0.3618203103542328,0.0027775305788964033,0.0
19213499201,0,0.29700085520744324,0.0035191369242966175,0.0
19238499201,0,0.19967740774154663,0.004461371339857578,0.0
19263499202,0,0.3163178563117981,0.0023180837742984295,0.0
19288499202,0,0.4093986749649048,0.0012537181610241532,0.0
19313499202,0,0.42249003052711487,0.0008570777717977762,0.0
19338499203,0,0.43447229266166687,0.0009276435594074428,0.0
19363499203,0,0.437522292137146,-0.00026573563809506595,0.0
19388499204,0,0.45197242498397827,2.6607853214954957e-05,0.0
19413499204,0,0.4058590829372406,-0.0007725854520685971,0.0
19438499204,0,0.40447214245796204,-0.0015221076318994164,0.0
19463499205,0,0.46194973587989807,-0.0019610824529081583,0.0
19488499205,0,0.46087226271629333,-0.003200968261808157,0.0
19513499205,0,0.44846639037132263,-0.0021217812318354845,0.0
19538499206,0,0.4573300778865814,0.0002634674310684204,0.0
19563499206,0,0.4480554461479187,-0.0009324318380095065,0.0
19588499207,0,0.4185713827610016,-0.0010323503520339727,0.0
19613499207,0,0.3861115872859955,-0.003637623507529497,0.0
19638499207,0,0.37881702184677124,-0.0029278730507940054,0.0
19663499208,0,0.3780764937400818,-0.0025595466140657663,0.0
19688499208,0,0.43888720870018005,-0.0011751597048714757,0.0
19713499208,0,0.4082736074924469,7.565857231384143e-05,0.0
19738499209,0,0.4150051176548004,-0.0005174508551135659,0.0
19763499209,0,0.43864718079566956,-0.0003352683852426708,0.0
19788499210,0,0.4401131570339203,-0.0006860313005745411,0.0
19813499210,0,0.4277831017971039,0.0002871895267162472,0.0
19838499210,0,0.4287930727005005,0.0005693930434063077,0.0
19863499211,0,0.4257444739341736,0.0008455717470496893,0.0
19888499211,0,0.4404432475566864,0.0010547477286309004,0.0
19913499211,0,0.4310392737388611,0.000925766711588949,0.0
19938499212,0,0.42370420694351196,0.0009294734918512404,0.0
19963499212,0,0.43533796072006226,0.001026490586809814,0.0
19988499213,0,0.44936272501945496,0.0025719688273966312,0.0
20013499213,0,0.434344083070755,0.002903117798268795,0.0
20038499213,0,0.4489392340183258,0.003694482147693634,0.0
20063499214,0,0.4687451422214508,0.0025970484130084515,0.0
20088499214,0,0.4729653000831604,0.0026006088592112064,0.0
20113499214,0,0.46093904972076416,0.002253488637506962,0.0
20138499215,0,0.45602449774742126,0.002850461285561323,0.0
20163499215,0,0.4567830562591553,0.0023994268849492073,0.0
20188499215,0,0.4529687464237213,0.001649211742915213,0.0
20213499216,0,0.4543680250644684,0.0015342554543167353,0.0
20238499216,0,0.46213728189468384,0.0006274923216551542,0.0
20263499217,0,0.5142430663108826,-1.7949168977793306e-05,0.0
20288499217,0,0.5115219950675964,-0.00025191018357872963,0.0
20313499217,0,0.530631422996521,-0.0018282353412359953,0.0
20338499218,0,0.497740775346756,-0.002388625405728817,0.0
20363499218,0,0.4999990165233612,-0.003290519118309021,0.0
20388499218,0,0.4793713390827179,-0.004870885517448187,0.0
20413499219,0,0.5035141706466675,-0.0060944766737520695,0.0
20438499219,0,0.5039637088775635,-0.008238758891820908,0.0
20463499220,0,0.4880525469779968,-0.005512884818017483,0.0
20488499220,0,0.49372318387031555,-0.004074340220540762,0.0
20513499220,0,0.4571252763271332,-0.004805581644177437,0.0
20538499221,0,0.44497543573379517,-0.004525733180344105,0.0
20563499221,0,0.4587942361831665,-0.0041560037061572075,0.0
