ts,agent_id,steer_err,speed_err,desired_speed,speed
1986199837,0,0.0018506498735751519,9.263684749603271,9.263684749603271,0.0
2011199837,0,0.0016899127551075186,9.39565658569336,9.39565658569336,0.0
2036199837,0,0.0022863400516311876,9.426157236099243,9.426157236099243,0.0
2061199838,0,0.001519006243875644,9.720944881439209,9.720944881439209,0.0
2086199838,0,0.0020774880450103532,9.72669267654419,9.72669267654419,0.0
2111199839,0,0.0023440930956131843,9.748465776443481,9.748465776443481,0.0
2136199839,0,0.001804432260191399,9.750052213668823,9.750052213668823,0.0
2161199839,0,0.002273438583198941,9.725403070449829,9.725403070449829,0.0
2186199840,0,0.002079688883742913,9.72023245792868,9.720232486724854,2.879617471507417e-08
2211199840,0,0.0018839660185266584,9.724847286031578,9.724847316741943,3.071036501007964e-08
2236199840,0,0.001550728678020814,9.722734442470637,9.722734451293945,8.823307554235554e-09
2261199841,0,0.0016318561471624102,9.71885918693978,9.718859195709229,8.769448987077531e-09
2286199841,0,0.0014696012088792185,9.728265408831858,9.7279794216156,-0.0002859872162567624
2311199842,0,0.0014006162982620896,9.730988624993767,9.730834722518921,-0.00015390247484540503
2336199842,0,0.0013226003597423884,9.749703992267744,9.749639511108398,-6.448115934446097e-05
2361199842,0,0.0012848825373257624,9.75323824710441,9.753230810165405,-7.436939004790663e-06
2386199843,0,0.0012535395581344817,9.759783267757827,9.759809017181396,2.574942356949876e-05
2411199843,0,0.0012272053843345437,9.765107749253538,9.765150547027588,4.279777405073704e-05
2436199843,0,0.0012917127264957752,9.769262251133515,9.769311904907227,4.9653773710545814e-05
2461199844,0,0.001161863241274755,9.77278711959443,9.772837400436401,5.028084197142703e-05
2486199844,0,0.001067530739737801,9.773681069260082,9.773728609085083,4.7539825000361666e-05
2511199845,0,0.0010929542216484042,9.772991564099538,9.773034811019897,4.324692036015944e-05
2536199845,0,0.001092119420749847,9.767297298257168,9.767335653305054,3.8355047885364945e-05
2561199845,0,0.0011359085224287066,9.770734061702598,9.770767450332642,3.3388630043894856e-05
2586199846,0,0.001133555901714591,9.775654649440789,9.775683403015137,2.8753574347368636e-05
2611199846,0,0.0011235382909319058,9.769951086687945,9.769975662231445,2.457554350129196e-05
2636199846,0,0.0011108644954719931,9.771038364734919,9.771059274673462,2.090993854326577e-05
2661199847,0,0.0010112955155713627,9.770532258647789,9.770550012588501,1.7753940712831597e-05
2686199847,0,0.0011530598863445163,9.773732260825712,9.773747205734253,1.4944908541644158e-05
2711199847,0,0.0010962934252426327,9.768385166693967,9.768397808074951,1.2641380983102501e-05
2736199848,0,0.0011700594682787703,9.766669825706682,9.766680479049683,1.065334300110626e-05
2761199848,0,0.0011659613547767627,9.769192748675652,9.769201755523682,9.006848030161689e-06
2786199849,0,0.0012010988835069393,9.769419468324239,9.769427061080933,7.592756693263122e-06
2811199849,0,0.0011559437439940773,9.772039198317147,9.772045612335205,6.414018058619252e-06
2836199849,0,0.0011429663845710532,9.770026001572539,9.770031452178955,5.450606416815288e-06
2861199850,0,0.0012279642942423228,9.76671885045801,9.766723394393921,4.543935909801167e-06
2886199850,0,0.0011765860934856713,9.767439780728724,9.767443656921387,3.876192663676271e-06
2911199850,0,0.0011856171213882438,9.770827118804503,9.770830392837524,3.2740330224406287e-06
2936199851,0,0.0012196921762475297,9.771051543412083,9.7710542678833,2.7244712181331048e-06
2961199851,0,0.0011752959466424468,9.775146788637263,9.77514910697937,2.3183421060782967e-06
2986199852,0,0.0011711978331404391,9.773891147374899,9.773893117904663,1.97052976467457e-06
3011199852,0,0.0010745127108893698,9.776321905747004,9.776323556900024,1.651153020188918e-06
3036199852,0,0.001153515232289184,9.777275586252404,9.777276992797852,1.4065454474297195e-06
3061199853,0,0.0011037307423388688,9.769624765797706,9.769625902175903,1.1363781962296877e-06
3086199853,0,0.0011169357747342267,9.774819099827111,9.77482008934021,9.895130995610833e-07
3111199853,0,0.0011511626115750684,9.776653891235005,9.776654720306396,8.290713913613626e-07
3136199854,0,0.001145926133211392,9.776904355205206,9.776905059814453,7.046092478635092e-07
3161199854,0,0.001123310617959572,9.779956456233853,9.779957056045532,5.998116797754681e-07
3186199855,0,0.0011065387089976518,9.782618381367389,9.782618522644043,1.4127665437532204e-07
3211199855,0,0.0011156456278910022,9.780235021784396,9.780235290527344,2.687429472205867e-07
3236199855,0,0.0010515936316744382,9.780011122565657,9.780011415481567,2.9291590994456587e-07
3261199856,0,0.001100543320726196,9.775383368341304,9.775383710861206,3.4251990166123075e-07
3286199856,0,0.0010782313694374878,9.781366500979969,9.78136682510376,3.2412379132282057e-07
3311199856,0,0.0010972800081227455,9.778989744728579,9.778990030288696,2.8556011754661013e-07
3336199857,0,0.0011516179575197358,9.781654821185482,9.781655073165894,2.5198041141572776e-07
3361199857,0,0.0010835437387919423,9.781956664326332,9.781956911087036,2.4676070481789955e-07
3386199858,0,0.001145774351229836,9.784203347721267,9.78420352935791,1.8163664319417704e-07
3411199858,0,0.0010717806352213647,9.777939862808715,9.777940034866333,1.7205761770452882e-07
3436199858,0,0.0011031995054034233,9.78170212967383,9.781702280044556,1.5037072494859405e-07
3461199859,0,0.0010551605082410004,9.777207469663956,9.777207612991333,1.4332737641147374e-07
3486199859,0,0.0010597139676876755,9.785175460126732,9.785175561904907,1.0177817531599113e-07
3511199859,0,0.001088324871210951,9.78334299748214,9.783343076705933,7.922379223899905e-08
3536199860,0,0.0011177705756327838,9.78324785315552,9.783247947692871,9.453735127640277e-08
3561199860,0,0.001140082526921492,9.785171904500675,9.78517198562622,8.11255453475163e-08
3586199861,0,0.001090222145980399,9.78233807974469,9.78233814239502,6.265032927664019e-08
3611199861,0,0.0010707181613504738,9.782328117328518,9.782328128814697,1.1486178676944504e-08
3636199861,0,0.00103474583172174,9.78456615355389,9.784566164016724,1.0462833346814696e-08
3661199862,0,0.001030875391192066,9.780988423256668,9.780988454818726,3.156205760489243e-08
3686199862,0,0.0010213131263540481,9.786881442185248,9.786881446838379,4.6531320693485555e-09
3711199862,0,0.0010418036938640864,9.784390163470682,9.784390211105347,4.763466432843887e-08
3736199863,0,0.0011282435323601368,9.785573966993821,9.785573959350586,-7.643235179749972e-09
3761199863,0,0.0010877177432847276,9.786533064680041,9.786533117294312,5.2614270394053006e-08
3786199864,0,0.0010876418522939497,9.784558993562724,9.78455901145935,1.7896625983308784e-08
3811199864,0,0.001044156314578202,9.786023111646946,9.786023139953613,2.8306666636350607e-08
3836199864,0,0.0010462053713292058,9.785847149830229,9.785847187042236,3.7212007567173336e-08
3861199865,0,0.0010184292687044872,9.781971935145128,9.78197193145752,-3.6876077658826386e-09
3886199865,0,0.000986555052577761,9.787835594513606,9.787835597991943,3.4783381688166124e-09
3911199865,0,0.0010561470911211132,9.786623946527667,9.78662395477295,8.245281211510596e-09
3936199866,0,0.0011136724621307762,9.783316598367895,9.783316612243652,1.3875757803857878e-08
3961199866,0,0.0011277122954246911,9.787142496125742,9.787142515182495,1.9056752622124293e-08
3986199866,0,0.0011151902819463344,9.786855722009905,9.786855697631836,-2.4378069286953018e-08
4011199867,0,0.0010462812623199837,9.788725373182695,9.78872537612915,2.9464558676968767e-09
4036199867,0,0.0010389957272053034,9.789799665246568,9.789799690246582,2.5000015118380905e-08
4061199868,0,0.0010198711975292678,9.784903022030058,9.784903049468994,2.7438937135201713e-08
4086199868,0,0.0010273085146255039,9.788995736734877,9.788995742797852,6.06297324833508e-09
4111199868,0,0.0010520489776191055,9.785535328998693,9.785535335540771,6.542079715732561e-09
4136199869,0,0.001137350451253487,9.78432583140703,9.78432583808899,6.6819602870726415e-09
4161199869,0,0.0011061592540437622,9.790510647630747,9.790510654449463,6.818716787255955e-09
4186199869,0,0.0011287747692955822,9.790280335089307,9.79028034210205,7.012744585062773e-09
4211199870,0,0.001074285037917036,9.788898461432115,9.788898468017578,6.585463435968174e-09
4236199870,0,0.001031937865062957,9.789891976352889,9.789891958236694,-1.811619432216827e-08
4261199871,0,0.0010542498163516652,9.784900898580831,9.784900903701782,5.120950458684754e-09
4286199871,0,0.001033683357850849,9.78927611878883,9.789276123046875,4.258045055759124e-09
4311199871,0,0.0010877936342755057,9.785053248813142,9.785053253173828,4.3606867676646376e-09
4336199872,0,0.0011573097818280797,9.785852173380182,9.787203311920166,0.0013511385399848225
4361199872,0,0.001106462818006874,9.468134811057308,9.78830337524414,0.3201685641868334
4386199872,0,0.001112002860333662,9.151039297871487,9.781378984451294,0.6303396865798074
4411199873,0,0.0011266498215538004,8.852893331204857,9.784003973007202,0.931110641802344
4436199873,0,0.0011757512925871143,8.56480076530525,9.786855697631836,1.2220549323265852
4461199874,0,0.0012262946924452085,8.279669702291919,9.782551288604736,1.5028815863128164
4486199874,0,0.0010679101946916908,8.006140812464707,9.77955150604248,1.7734106935777725
4511199874,0,0.0008131441386502151,7.749274560109969,9.782832384109497,2.033557823999528
4536199875,0,0.0006344208553682149,7.49118966134095,9.774518251419067,2.2833285900781175
4561199875,0,0.0008162556692721098,7.256337430063932,9.779142379760742,2.52280494969681
4586199875,0,0.0008790175186454492,7.030313838539539,9.78245759010315,2.7521437515636107
4611199876,0,0.0009395785292862289,6.809698926811706,9.781261682510376,2.9715627556986703
4636199876,0,0.0009737294751362927,6.597253841824566,9.778595924377441,3.1813420825528755
4661199877,0,0.0010457500253845382,6.384827294403048,9.76663327217102,3.3818059777679723
4686199877,0,0.0009391990743323394,6.194592573297012,9.76791000366211,3.573317430365097
4711199877,0,0.0009883764363564313,6.013519234916469,9.769786834716797,3.7562675998003283
4736199878,0,0.0011406896548477156,5.8364628786093125,9.767534494400024,3.9310716157907124
4761199878,0,0.0012088397645662872,5.675600595668642,9.773801565170288,4.098200969501646
4786199878,0,0.0012605215292860502,5.506559148092572,9.76491093635559,4.258351788263019
4811199879,0,0.001436057390955378,5.345955260710649,9.757995128631592,4.412039867920943
4836199879,0,0.0015155911492906377,5.199407536397357,9.759011507034302,4.559603970636945
4861199880,0,0.0014844758430716909,5.067370599307426,9.76873254776001,4.7013619484525835
4886199880,0,0.0013107613651810331,4.9353852299857195,9.773022651672363,4.837637421686644
4911199880,0,0.001092878330657626,4.805250431517803,9.774004697799683,4.96875426628188
4936199881,0,0.0011960141871248187,4.683685178476274,9.779680252075195,5.095995073598921
4961199881,0,0.0010559194181487795,4.554104991638116,9.772318124771118,5.218213133133002
4986199881,0,0.0007887831306105029,4.433362522876395,9.769561529159546,5.336199006283151
5011199882,0,-0.000138377103723339,4.315707160788029,9.765915155410767,5.450207994622738
5036199882,0,-0.0001246408343925356,4.231270666287332,9.791778087615967,5.5605074213286345
5061199882,0,-1.6344390552444522e-05,4.136020948873035,9.80337381362915,5.667352864756116
5086199883,0,0.0001878023746401588,4.042329815008697,9.813327312469482,5.770997497460786
5111199883,0,2.3422488615185273e-05,3.9532442909746655,9.824914455413818,5.871670164439153
5136199884,0,-0.0004236513380575383,3.8555978757412666,9.825186252593994,5.969588376852728
5161199884,0,-0.000607686990693993,3.7746776385174003,9.83963656425476,6.06495892573736
5186199884,0,-0.0006807700148131294,3.675117638021619,9.833084106445312,6.157966468423694
5211199885,0,-0.0004934710495732241,3.595144805832076,9.8439302444458,6.248785438613725
5236199885,0,-0.000772522222663634,3.5040534919885458,9.84163212776184,6.337578635773295
5261199885,0,-0.0005743708457424863,3.4142894054298445,9.838781118392944,6.4244917129631
5286199886,0,-0.0001620550928460499,3.3198374801723176,9.829496383666992,6.509658903494675
5311199886,0,6.280991282892547e-05,3.224221913241151,9.81742787361145,6.593205960370299
5336199887,0,0.0002615684176762965,3.132528576541872,9.807771921157837,6.675243344615965
5361199887,0,0.0006159793446091804,3.053249926186992,9.80912733078003,6.755877404593037
5386199887,0,0.0006174971644247387,2.9647665247420854,9.79996633529663,6.8351998105545455
5411199888,0,0.0007994837603101895,2.885088411186584,9.798385620117188,6.9132972089306035
5436199888,0,0.0004056854091635656,2.8134968385496935,9.803749322891235,6.990252484341542
5461199888,0,0.0002704476635973131,2.7189240126417253,9.78505825996399,7.066134247322264
5486199889,0,0.0006819286155951924,2.6468035067565907,9.787815570831299,7.141012064074708
5511199889,0,0.0006188632022587413,2.553761267729775,9.768703937530518,7.214942669800743
5536199890,0,0.0007340657262596231,2.4859858999079893,9.773963212966919,7.28797731305893
5561199890,0,0.001075271620797149,2.4309964352308393,9.791168689727783,7.360172254496944
5586199890,0,0.0009171906870067426,2.3995365046170534,9.831105709075928,7.431569204458874
5611199891,0,0.0011551848340862981,2.361471795329658,9.86367917060852,7.5022073752788625
5636199891,0,0.0007948544098727366,2.277331264044948,9.849462747573853,7.572131483528905
5661199891,0,0.0007325479064440646,2.2237835308764957,9.865153312683105,7.64136978180661
5686199892,0,0.00041904222354047937,2.1791569699219604,9.889120101928711,7.7099631320067505
5711199892,0,0.0005845604744271217,2.1055376779662875,9.883471012115479,7.777933334149191
5736199893,0,0.0008144342854934397,2.023801253732147,9.8691086769104,7.845307423178253
5761199893,0,0.0011653542268505394,1.946650092928011,9.858759641647339,7.912109548719328
5786199893,0,0.0011001638657723064,1.8842265928730555,9.862587690353394,7.978361097480338
5811199894,0,0.0009073248582056132,1.820560259664429,9.864641189575195,8.044080929910766
5836199894,0,0.0007053789317455695,1.745331387440494,9.854958057403564,8.10962666996307
5861199894,0,0.0005383428610433688,1.7635975243401756,9.865679740905762,8.102082216565586
5886199895,0,0.0005897969527907982,1.7814540380905477,9.879429817199707,8.09797577910916
5911199895,0,0.000518383530468776,1.7954336496510432,9.890129327774048,8.094695678123005
5936199896,0,0.00046131350540378055,1.804114110742935,9.89575481414795,8.091640703405014
5961199896,0,0.0005024464224054129,1.8163175626532002,9.904968738555908,8.088651175902708
5986199896,0,0.00038375291282874684,1.8260526314178627,9.911734342575073,8.08568171115721
6011199897,0,-4.67007868636123e-05,1.824529344325029,9.907246828079224,8.082717483754195
6036199897,0,-0.000355045882394299,1.8253425666983123,9.905098915100098,8.079756348401785
6061199897,0,-0.0011138040081919377,1.828468827265052,9.905266284942627,8.076797457677575
6086199898,0,-0.0009229381663854704,1.8144966198753067,9.88833475112915,8.073838131253844
6111199898,0,-0.0009587587140326483,1.8142382186718962,9.885114669799805,8.070876451127909
6136199899,0,-0.0006445700122120618,1.8218354265986623,9.889755964279175,8.067920537680513
6161199899,0,-0.0006312131978351479,1.8199369632684856,9.884902238845825,8.06496527557734
6186199899,0,-0.0009715084004833387,1.8345009169136546,9.896514415740967,8.062013498827312
6211199900,0,-0.0010347255958013458,1.8364153856509091,9.895477294921875,8.059061909270966
6236199900,0,-0.0009003985421244283,1.8287687627652698,9.884879350662231,8.056110587896962
6261199900,0,-0.0008421142612069861,1.7922871446361892,9.845448732376099,8.05316158773991
6286199901,0,-0.0004763955766481923,1.7839721376846427,9.834187030792236,8.050214893107594
6311199901,0,-0.00022777669085972813,1.7853114691139833,9.832581281661987,8.047269812548004
6336199901,0,0.000294125652720024,1.7792240907262578,9.823549032211304,8.044324941485046
6361199902,0,0.0003601508146968139,1.7212801733364227,9.821393251419067,8.100113078082645
6386199902,0,0.0001288350748057154,1.6185168443643327,9.829052209854126,8.210535365489793
6411199903,0,0.00031514745716550765,1.51037080315972,9.826752662658691,8.316381859498971
6436199903,0,0.0008777273718022246,1.390790353305217,9.808943510055542,8.418153156750325
6461199903,0,0.001543367251915356,1.2775752051642044,9.79374074935913,8.516165544194926
6486199904,0,0.001624418830066174,1.1938400480468552,9.80454969406128,8.610709646014424
6511199904,0,0.0014523739539726308,1.1076101023340428,9.809671640396118,8.702061538062075
6536199904,0,0.0015502733320761468,1.0325665001318978,9.823066234588623,8.790499734456725
6561199905,0,0.001370184010960144,0.956827302599395,9.833093404769897,8.876266102170502
6586199905,0,0.0012977081147672307,0.8580432254149724,9.817625999450684,8.959582774035711
6611199906,0,0.0006776787201116289,0.7422807972314942,9.782947540283203,9.040666743051709
6636199906,0,0.0006630317588914905,0.6861535852314127,9.805680513381958,9.119526928150545
6661199906,0,0.00046488038197034276,0.6293640465399744,9.824872970581055,9.19550892404108
6686199907,0,7.897469386462231e-05,0.5473159028897783,9.815109729766846,9.267793826877067
6711199907,0,-0.0003208949365442353,0.4884713335204385,9.824528932571411,9.336057599050973
6736199907,0,-0.0005016672765772394,0.4117849759156975,9.811680793762207,9.39989581784651
6761199908,0,-0.000977883243708684,0.31715137507070956,9.775950908660889,9.458799533590179
6786199908,0,-0.00047791339646375067,0.3002937557765861,9.812746524810791,9.512452769034205
6811199909,0,-0.00047487775683263385,0.2255254883556752,9.785881519317627,9.560356030961952
6836199909,0,-0.0005890936979534027,0.18874458995802712,9.790905475616455,9.602160885658428
6861199909,0,-0.001137254324342315,0.12547645858694345,9.76348328590393,9.638006827316987
6886199910,0,-0.002039825877664111,0.15898689626502716,9.826613187789917,9.66762629152489
6911199910,0,-0.0034979194834802775,0.15319412686270084,9.844258546829224,9.691064419966523
6936199910,0,-0.0041183283330897685,0.12665550365453804,9.835068941116333,9.708413437461795
6961199911,0,-0.0019244715716816734,0.09342725124554008,9.813893795013428,9.720466543767888
6986199911,0,-0.0016086132680639726,0.08976005221897587,9.817289113998413,9.727529061779437
7011199912,0,-0.002445159659408979,0.09336786128263164,9.823105573654175,9.729737712371543
7036199912,0,-0.0032117345572567433,0.08876405810259946,9.81591796875,9.7271539106474
7061199912,0,-0.00389323565444246,0.09599644606279156,9.8162362575531,9.720239811490309
7086199913,0,-0.002535318156453147,0.09597357009793228,9.805415868759155,9.709442298661223
7111199913,0,-0.0021554837476096605,0.10840814683315969,9.803509712219238,9.695101565386079
7136199913,0,-0.0019646937967939706,0.14419650757446867,9.821828842163086,9.677632334588617
7161199914,0,-0.002188420437607277,0.16765767084163485,9.824946641921997,9.657288971080362
7186199914,0,-0.002896255708592932,0.18404285020415223,9.818546533584595,9.634503683380442
7211199915,0,-0.001224680745718478,0.18981064922039437,9.799592971801758,9.609782322581363
7236199915,0,-0.0003298500734560298,0.23363611837969778,9.817045211791992,9.583409093412294
7261199915,0,-7.903034893500599e-05,0.25976306383918235,9.815358638763428,9.555595574924245
7286199916,0,0.00026870217080942097,0.28393709652082855,9.810449123382568,9.52651202686174
7311199916,0,-0.00024045048631964066,0.33637775596416475,9.832963228225708,9.496585472261543
7336199916,0,-0.0005195775504008284,0.41456914740930273,9.880579233169556,9.466010085760253
7361199917,0,-0.0008537255827960078,0.46573425407644997,9.900781631469727,9.435047377393277
7386199917,0,-0.001304897522970739,0.4905046050641211,9.894739866256714,9.404235261192593
7411199918,0,-0.00024113350523664198,0.5088481127596314,9.882978200912476,9.374130088152844
7436199918,0,2.6154564283190372e-05,0.4981573418426155,9.843061208724976,9.34490386688236
7461199918,0,7.123381280527453e-05,0.4925285114920541,9.809060096740723,9.316531585248669
7486199919,0,5.036379034134668e-05,0.46038457268501887,9.749254703521729,9.28887013083671
7511199919,0,0.00037844054347429244,0.4632948719366947,9.724904537200928,9.261609665264233
7536199919,0,-0.0002700479727230292,0.5270014312272,9.761485576629639,9.234484145402439
7561199920,0,-0.00036597418506631945,0.5880169962631125,9.795184135437012,9.2071671391739
7586199920,0,-3.736619499792821e-05,0.5867623035977747,9.766660451889038,9.179898148291263
7611199920,0,-0.0003766748147660061,0.5887342359353003,9.742069244384766,9.153335008449465
7636199921,0,-0.0010606803146473941,0.6528892914724782,9.78066086769104,9.127771576218562
7661199921,0,-0.0015759042510386893,0.652911165749714,9.755892276763916,9.102981111014202
7686199922,0,-0.0010298685723915588,0.6509509962181692,9.730036497116089,9.07908550089792
7711199922,0,-0.001940029224791147,0.669688791762022,9.72617769241333,9.056488900651308
7736199922,0,-0.0010789700434248727,0.6892293742629079,9.724193572998047,9.034964198735139
7761199923,0,-0.0008810463394760588,0.716318777066796,9.730738162994385,9.014419385927589
7786199923,0,-0.002179465300695483,0.7533744499486552,9.748377799987793,8.995003350039138
7811199923,0,-0.002630181894925546,0.7877240129536052,9.764551162719727,8.976827149766121
7836199924,0,-0.0025403269618444898,0.7943470341656873,9.754434585571289,8.960087551405602
7861199924,0,-0.002138484165675406,0.8146732245931521,9.759734630584717,8.945061405991565
7886199925,0,-0.001218154120511577,0.8528544548215766,9.784719944000244,8.931865489178668
7911199925,0,-0.0011289822063475217,0.8606065049378451,9.781025648117065,8.92041914317922
7936199925,0,-0.0008452257918288808,0.8803020997922655,9.795321464538574,8.915019364746309
7961199926,0,-0.0017126598164205,0.9053973453119273,9.816804885864258,8.91140754055233
7986199926,0,0.0004301981991848335,0.6282740796775368,9.536339521408081,8.908065441730544
8011199926,0,0.0016657035290493622,0.21040362953302605,9.115155458450317,8.904751828917291
8036199927,0,0.002548771097741233,0.5286973519812772,9.430153369903564,8.901456017922287
8061199927,0,0.0039839456243424675,0.0,8.514774799346924,8.898148764507864
8086199928,0,0.006229104695516437,0.0,8.500366687774658,8.894831416984289
8111199928,0,0.005086414047373303,0.053175043569359204,8.944657802581787,8.891482759012428
8136199928,0,0.006937698876409872,0.0,8.687482595443726,8.888052384354834
8161199929,0,0.004958613618903287,0.59950277283059,9.484243869781494,8.884741096950904
8186199929,0,0.0028661472211744922,0.8552695302017437,9.736603260040283,8.88133372983854
8211199929,0,0.0010915122928236236,0.9364919548177095,9.814558267593384,8.878066312775674
8236199930,0,0.0014235353774770215,0.8725436015797339,9.747360706329346,8.874817104749612
8261199930,0,0.002137214254752576,0.804932538873846,9.676487445831299,8.871554906957453
8286199931,0,0.0007317889965362855,0.8876427097767401,9.755925178527832,8.868282468751092
8311199931,0,0.0011461538061837257,0.849269800442606,9.714268684387207,8.864998883944601
8336199931,0,0.0006799554498349665,0.9408264744174595,9.802555561065674,8.861729086648214
8361199932,0,0.0006365458031099966,0.9222828267914807,9.780735969543457,8.858453142751976
8386199932,0,0.00012352270545126103,0.9584596883090413,9.81364130973816,8.855181621429118
8411199932,0,-0.00025957501599567636,0.9665182781223578,9.818427801132202,8.851909523009844
8436199933,0,-0.0007223582777594292,0.9830369497524938,9.831676483154297,8.848639533401803
8461199933,0,-0.0016634824543964083,0.900249507129919,9.781092166900635,8.880842659770716
8486199934,0,-0.002508983982653209,0.8498546131512068,9.759801149368286,8.90994653621708
8511199934,0,-0.002045441810981677,0.8706726738409234,9.808718204498291,8.938045530657368
8536199934,0,-0.0021345378341549545,0.8596567949910536,9.824296474456787,8.964639679465733
8561199935,0,-0.0017370967154509902,0.8009455061393993,9.790775299072266,8.989829792932866
8586199935,0,-0.002555429269009296,0.8061472973072927,9.82014513015747,9.013997832850178
8611199935,0,-0.0038407949798149174,0.747944600006079,9.785034656524658,9.03709005651858
8636199936,0,-0.0034368272359040523,0.7751027251943405,9.8340003490448,9.05889762385046
8661199936,0,-0.00300940917584281,0.7410787778654573,9.820632934570312,9.079554156704855
8686199937,0,-0.0019848049093501197,0.7056901008440164,9.804697036743164,9.099006935899148
8711199937,0,-0.0017244229199910777,0.6876173925862865,9.80518627166748,9.117568879081194
8736199937,0,-0.0012989021346992832,0.6288247498019626,9.763862371444702,9.13503762164274
8761199938,0,-0.0007880798757731075,0.5890686922391541,9.74039340019226,9.151324707953107
8786199938,0,-0.001185976340421739,0.5637819672692554,9.73015022277832,9.166368255509065
8811199938,0,0.001295810839997783,0.40296884243679365,9.582841157913208,9.179872315476414
8836199939,0,0.002033623052340716,0.44971590582933096,9.641506433486938,9.191790527657608
8861199939,0,0.003054660442266844,0.07325213043565526,9.274994373321533,9.201742242885878
8886199939,0,0.003256075131791442,0.0,8.901469945907593,9.209147138609051
8911199940,0,0.0030409241729360405,0.0,8.77130126953125,9.214222267535346
8936199940,0,0.003160756047374376,0.0,8.752335548400879,9.214433157220592
8961199941,0,0.003082967781827008,0.0,9.12029242515564,9.204475748931255
8986199941,0,0.0029938717586537305,0.07741243607281945,9.247995615005493,9.170583178932674
9011199941,0,0.0026191979371831425,0.09155194777683029,9.218632936477661,9.12708098870083
9036199942,0,0.0025758641814489502,0.13878182903626346,9.244717597961426,9.105935768925162
9061199942,0,0.0019744280795339388,0.2235105254634302,9.309433937072754,9.085923411609324
9086199942,0,0.002645683892964636,0.30449969423474244,9.370381593704224,9.065881899469481
9111199943,0,0.0022391358553673214,0.2532331383427273,9.299513339996338,9.04628020165361
9136199943,0,0.001447213366599732,0.24254429267187838,9.27027940750122,9.027735114829342
9161199944,0,0.00025276506274605787,0.39271292887771203,9.403099536895752,9.01038660801804
9186199944,0,-0.000739433750684461,0.3956617274172416,9.389298677444458,8.993636950027216
9211199944,0,-0.0008386991666219798,0.5755884390775883,9.553338289260864,8.977749850183276
9236199945,0,-0.002126493389132495,0.7754528602977757,9.738935708999634,8.963482848701858
9261199945,0,-0.003239662441863018,0.7957277166073453,9.746540307998657,8.950812591391312
9286199945,0,-0.0062656639171509996,0.7369317540334901,9.677948713302612,8.941016959269122
9311199946,0,-0.004353666295492097,0.7295945164832371,9.664437532424927,8.93484301594169
9336199946,0,-0.004122502337582555,0.7266833381519415,9.6580810546875,8.931397716535558
9361199947,0,-0.0031832754357150237,0.7687833933802342,9.698855638504028,8.930072245123794
9386199947,0,-0.004421512841247557,0.8285864006353982,9.758922100067139,8.93033569943174
9411199947,0,-0.006852149493882762,0.8662336225638718,9.798264741897583,8.932031119333711
9436199948,0,-0.004689408038693613,0.8982925699731084,9.833557605743408,8.9352650357703
9461199948,0,-0.0037278691855373736,0.8566474214671711,9.796782732009888,8.940135310542717
9486199948,0,-0.0029669861119979526,0.8484063182274131,9.7953200340271,8.946913715799687
9511199949,0,-0.002719202027108046,0.8296876262420216,9.784849405288696,8.955161779046675
9536199949,0,-0.0021267969530956066,0.8089238740977862,9.773227214813232,8.964303340715446
9561199950,0,-0.0017783814144341785,0.8002044528259145,9.774316549301147,8.974112096475233
9586199950,0,-0.0028516318060155155,0.7962575568299535,9.780560731887817,8.984303175057864
9611199950,0,-0.0014723130486268292,0.8072707333803137,9.801931142807007,8.994660409426693
9636199951,0,7.730509206750808e-05,0.8133463409619726,9.818419933319092,9.00507359235712
9661199951,0,0.0010806598811423812,0.7580788034905179,9.773685693740845,9.015606890250327
9686199951,0,0.001683765584854507,0.7228816503736031,9.749173164367676,9.026291513994073
9711199952,0,0.0009005705600263783,0.770375591454707,9.807352066040039,9.036976474585332
9736199952,0,0.000913016682513957,0.7678637554542966,9.815062522888184,9.047198767433887
9761199953,0,0.0006539248399981401,0.7780429263523256,9.83505892753601,9.057016001183685
9786199953,0,0.0008335588151694754,0.7478950595076554,9.814714908599854,9.066819849092198
9811199953,0,0.0006797277768626328,0.7681548463223908,9.84475064277649,9.076595796454098
9836199954,0,0.00040462293529267473,0.7718814997986545,9.858226776123047,9.086345276324392
9861199954,0,0.00010318391992277861,0.7641017147078308,9.860050678253174,9.095948963545343
9886199954,0,0.00034163341294700156,0.7880340784900017,9.893669843673706,9.105635765183704
9911199955,0,0.001079142061326823,0.7524631185916419,9.867877006530762,9.11541388793912
9936199955,0,0.0011390959440413793,0.7948045483634623,9.920163631439209,9.125359083075747
9961199956,0,0.0007291328118590583,0.7705769405918179,9.906155347824097,9.135578407232279
9986199956,0,0.0005897969527907982,0.7263404233429203,9.872315168380737,9.145974745037817
10011199956,0,0.00024730091141004763,0.7227722057998047,9.879613637924194,9.15684143212439
10036199957,0,0.00024100195917548035,0.67113978999949,9.838987827301025,9.167848037301535
10061199957,0,0.0004897726269455004,0.6694282917912489,9.848185300827026,9.178757009035778
10086199957,0,0.0002551935744509513,0.6166738807688841,9.806195497512817,9.189521616743933
10111199958,0,-0.00026792302498124753,0.5584420848082541,9.758316993713379,9.199874908905125
10136199958,0,-0.00016850582706217303,0.6025170660591943,9.81232738494873,9.209810318889536
10161199958,0,2.6078673292412454e-05,0.71474639904649,9.933661937713623,9.218915538667133
10186199959,0,0.0003776816335665133,0.7000470997520409,9.927206754684448,9.227159654932407
10211199959,0,0.000788707239619725,0.6582695527636861,9.893646955490112,9.235377402726426
10236199960,0,0.0007669265252664622,0.671088170356354,9.915339946746826,9.244251776390472
10261199960,0,0.0009317617572361033,0.675725302901693,9.929099321365356,9.253374018463663
10286199960,0,0.0009944477156186647,0.6297637592405465,9.89224648475647,9.262482725515923
10311199961,0,0.001565147966268619,0.605458286282742,9.87715744972229,9.271699163439548
10336199961,0,0.002136910690789464,0.5605365562437754,9.84141755104065,9.280880994796874
10361199961,0,0.001683841475845285,0.4931734713794569,9.782812356948853,9.289638885569396
10386199962,0,0.0014215622117167953,0.44511023413524775,9.742891788482666,9.297781554347418
10411199962,0,0.0010785349334005996,0.3019435505297725,9.606892347335815,9.304948796806043
10436199963,0,0.0008669508511117601,0.2965865469362239,9.607308626174927,9.310722079238703
10461199963,0,0.0011067663819699855,0.4291599583177348,9.743793725967407,9.314633767649672
10486199963,0,0.001538965574450237,0.4847004367972687,9.80073595046997,9.316035513672702
10511199964,0,0.0012643160788249463,0.5091786815265369,9.824960231781006,9.315781550254469
10536199964,0,0.0010427902767441994,0.586561401897491,9.901692867279053,9.315131465381562
10561199964,0,0.0010652540100144635,0.6270297704395205,9.941459655761719,9.314429885322198
10586199965,0,0.0010351252866756294,0.6890204117399854,10.002997398376465,9.31397698663648
10611199965,0,0.0005648288168248627,0.6622879937977224,9.976585865020752,9.31429787122303
10636199966,0,0.00041744851273414307,0.6548352767439045,9.97044038772583,9.315605110981926
10661199966,0,0.0006942988470919933,0.654599424476805,9.972606897354126,9.318007472877321
10686199966,0,0.0006052028239187158,0.6317492067250896,9.952794313430786,9.321045106705697
10711199967,0,0.0005113256683264294,0.5933852667891077,9.917956352233887,9.324571085444779
10736199967,0,0.0007954615377989599,0.6145503220379904,9.942986011505127,9.328435689467137
10761199967,0,0.0010455982434029825,0.6229525256072286,9.955261945724487,9.332309420117259
10786199968,0,0.0006923256813317674,0.5832128710156574,9.919213771820068,9.336000900804411
10811199968,0,0.00018059273051625646,0.6428036987605363,9.98252534866333,9.339721649902794
10836199969,0,-0.00040824546692962057,0.7038059786479991,10.047185182571411,9.343379203923412
10861199969,0,-0.0004908907558867748,0.6977676426149522,10.044631004333496,9.346863361718544
10886199969,0,-0.0005903079538058494,0.7217916685342551,10.072576761245728,9.350785092711472
10911199970,0,-0.0009033582907647671,0.7350174565871281,10.090405941009521,9.355388484422393
10936199970,0,-0.001045729789464144,0.6968273047864493,10.057346820831299,9.36051951604485
10961199970,0,-0.0009418350230891722,0.7197919471426122,10.086070775985718,9.366278828843106
10986199971,0,-0.00018391169819009068,0.6765705127314057,10.04908561706543,9.372515104334024
11011199971,0,-0.0007960484298047889,0.6570210442216862,10.035960674285889,9.378939630064203
11036199972,0,-0.0016040598086172974,0.6626061710886937,10.0481858253479,9.385579654259207
11061199972,0,-0.0013067947977401869,0.6642390922454471,10.056268215179443,9.392029122933996
11086199972,0,-0.0012130694241294564,0.6617821226090079,10.06001615524292,9.398234032633912
11111199973,0,-0.0010291096624837797,0.6064275549661922,10.010736465454102,9.40430891048791
11136199973,0,-0.0019520200013340581,0.5303978712330935,9.940662145614624,9.41026427438153
11161199973,0,-0.0017329227109582047,0.5029518503505912,9.918901920318604,9.415950069968012
11186199974,0,-0.0017804304711851824,0.5167715463191218,9.937595129013062,9.42082358269394
11211199974,0,-0.0016641654733134095,0.5481897819479897,9.972699165344238,9.424509383396249
11236199975,0,-0.00019855865941022916,0.5572391632464466,9.98434567451477,9.427106511268324
11261199975,0,0.0006537730580165843,0.5257397848162224,9.954728364944458,9.428988580128236
11286199975,0,0.002826683905969974,0.4907921410607816,9.921272993087769,9.430480852026987
11311199976,0,0.002373311127062683,0.5874670326850531,10.019036293029785,9.431569260344732
11336199976,0,0.0014003127342989779,0.5620385000028918,9.993984460830688,9.431945960827797
11361199976,0,0.0012935341102744452,0.0,9.1535325050354,9.431896132542564
11386199977,0,-0.0011639679530961425,0.0,7.757710933685303,9.43205523205299
11411199977,0,0.003022786226140118,0.0,8.106534719467163,9.431466358660387
11436199977,0,0.0022833044120000707,0.006190941402218542,9.427631378173828,9.42144043677161
11461199978,0,0.0010792179523176008,0.03174694660120281,9.41933798789978,9.387591041298577
11486199978,0,0.0020726310216005665,0.48371016156782254,9.827620267868042,9.34391010630022
11511199979,0,0.0016120485985693734,0.5289136183421768,9.850986242294312,9.322072623952135
11536199979,0,0.0016715471353392622,0.0,9.215234756469727,9.301229142598855
11561199979,0,0.0017579110828445342,0.0,9.116789102554321,9.282245293608645
11586199980,0,0.0019543169669777897,0.0,8.902298927307129,9.265490126575553
11611199980,0,0.0003156786941009531,0.0,8.95276165008545,9.247421200193823
11636199980,0,-0.0008673100701452553,0.04202892794011781,9.269774436950684,9.227745509010566
11661199981,0,-0.0019896619327599064,0.0,8.421748638153076,9.206718218306234
11686199981,0,-0.0023723801992529543,0.0,8.90465497970581,9.184636547527083
11711199982,0,-0.0017094723948078276,0.0,8.377415657043457,9.15635350056495
11736199982,0,-0.002074583951440398,0.0,8.805790901184082,9.121194881887467
11761199982,0,-0.0006129234690576694,0.0,8.870810508728027,9.08907762010802
11786199983,0,-0.0006590651914506444,0.0,8.713480710983276,9.075087236926114
11811199983,0,-0.0003190735527655652,0.0,8.460599184036255,9.071471916923617
11836199983,0,-0.0013451197480830364,0.0,8.464642524719238,9.068073297825778
11861199984,0,-0.0005088010297103639,0.0,8.189577341079712,9.056011745289226
11886199984,0,0.000720936584855043,0.0,7.772446632385254,9.01732202522097
11911199985,0,0.002498834825809362,0.0,8.124545574188232,8.952821780638441
11936199985,0,0.0006376841679716653,0.0,7.174855470657349,8.862553202233018
11961199985,0,0.0009295609185035436,0.0,7.143378496170044,8.746455747310833
11986199986,0,2.395372555063071e-05,0.0,7.050360918045044,8.604538764008781
12011199986,0,0.0025230440518675184,0.0,6.13885760307312,8.436727971000794
12036199986,0,0.0016073433571411422,0.0,5.910129189491272,8.259640089369137
12061199987,0,0.0033294617198736903,0.0,5.382176399230957,8.08267760740872
12086199987,0,0.010516490328524218,0.0,4.8443766832351685,7.90580264702676
12111199988,0,0.01208971056735049,0.0,4.3741103410720825,7.728949304210922
12136199988,0,0.014985786666426673,0.0,3.9291504621505737,7.551677059388671
12161199988,0,0.02039112248458399,0.0,4.1661375761032104,7.374580220733004
12186199989,0,0.029273631718204015,0.0,4.049999713897705,7.197403666684879
12211199989,0,0.021589668901939668,0.0,4.180443048477173,7.019765610197131
12236199989,0,0.007860153869315482,0.0,4.591296315193176,6.840926042043752
12261199990,0,0.005976387696225965,0.0,4.272008657455444,6.664612899337257
12286199990,0,0.007076275825570352,0.0,4.514114856719971,6.49830318532055
12311199991,0,0.010321450482224966,0.0,4.278184533119202,6.334360046759505
12336199991,0,0.010504575442972085,0.0,4.130917310714722,6.1669245262412264
12361199991,0,0.013949267514381851,0.0,3.5868183374404907,5.996387998885799
12386199992,0,0.012378779351223584,0.0,3.266381621360779,5.823569418021647
12411199992,0,0.013964066257583544,0.0,2.7986708879470825,5.648562345030323
12436199992,0,0.010517097456450441,0.0,2.7741106152534485,5.472347584746236
12461199993,0,0.01477177407243294,0.0,2.5646148920059204,5.294774975388269
12486199993,0,0.011115649700715892,0.0,2.928892135620117,5.116655494469658
12511199994,0,0.01801345774351177,0.0,2.920311212539673,4.9373741016064825
12536199994,0,0.020293071324498917,0.0,2.725204646587372,4.758879137048776
12561199994,0,0.013721366869075758,0.0,2.6831021904945374,4.578756473885726
12586199995,0,0.002327700641605154,0.0,3.2211127281188965,4.398732990342804
12611199995,0,0.00012405394238670646,0.0,1.6535389423370361,4.2196456353948
12636199995,0,-0.011377908728923988,0.0,1.90518718957901,4.04078583732
12661199996,0,-0.018040227027335983,0.0,2.2485930919647217,3.8619500921786414
12686199996,0,-0.017603094920455167,0.0,2.1503201723098755,3.6829852338351037
12711199996,0,-0.01666629653029253,0.5293312336534113,4.033607482910156,3.504276249256745
12736199997,0,-0.014285823822561529,2.7190256382867317,6.045666217803955,3.3266405795172234
12761199997,0,-0.014802717360749937,2.6616192751163914,5.828012466430664,3.1663931913142727
12786199998,0,-0.01349428078874783,3.241597098796766,6.281670570373535,3.040073471576769
12811199998,0,-0.010749607216273594,3.7495023954943894,6.701740980148315,2.952238584653926
12836199998,0,-0.011378136401896322,4.4200194209605765,7.326744318008423,2.9067248970478463
12861199999,0,-0.011003462580425734,5.099070309960624,7.986544132232666,2.8874738222720424
12886199999,0,-0.010392084758718815,5.172624871652485,8.055845260620117,2.883220388967632
12911199999,0,-0.008578214188135761,5.169231783627396,8.06263017654419,2.893398392916794
12936200000,0,-0.008702371849048438,5.220338408745801,8.135534048080444,2.9151956393346437
12961200000,0,-0.008800650682105844,5.1659993868067,8.112268924713135,2.9462695379064354
12986200001,0,-0.009115750075815766,5.359450280561731,8.344144105911255,2.9846938253495234
13011200001,0,-0.008403285454392657,5.383499525298864,8.412557601928711,3.029058076629847
13036200001,0,-0.00925053247543735,5.355908235714265,8.434120416641235,3.0782121809269705
13061200002,0,-0.009123187392912001,5.466140478052965,8.597429752349854,3.1312892742968876
13086200002,0,-0.00947957148560511,5.475017854321609,8.662497997283936,3.1874801429623263
13111200002,0,-0.01016972415573951,5.539729783176487,8.786014795303345,3.2462850121268576
13136200003,0,-0.00934175344635241,5.627731552922405,8.93491816520691,3.3071866122845046
13161200003,0,-0.008993337907690982,5.611697185697949,8.981501340866089,3.3698041551681395
13186200004,0,-0.007654848503340815,5.678782249219122,9.112704992294312,3.4339227430751897
13211200004,0,-0.0060166655764086465,5.637948045212785,9.137163877487183,3.4992158322743974
13236200004,0,-0.006010518406155635,5.527852651172014,9.093382358551025,3.565529707379011
13261200005,0,-0.005672120478276892,5.567345338752028,9.200021982192993,3.6326766434409654
13286200005,0,-0.005443081468109131,5.5966104796583105,9.297077178955078,3.7004666992967676
13311200005,0,-0.005830277303058076,5.628264746513219,9.397098541259766,3.7688337947465462
13336200006,0,-0.006119194304949616,5.716127325324953,9.553805351257324,3.8376780259323717
13361200006,0,-0.0065381125740437305,5.64252335384336,9.549424409866333,3.9069010560229733
13386200007,0,-0.006834618675013063,5.588085845426827,9.564547777175903,3.9764619317490766
13411200007,0,-0.008331492577116746,5.617785572562341,9.66408634185791,4.046300769295569
13436200007,0,-0.00928703604200153,5.53432699290197,9.650714635848999,4.116387642947029
13461200008,0,-0.008894603728688907,5.482322664450647,9.668923616409302,4.1866009519586544
13486200008,0,-0.009003659082436779,5.41613427581173,9.673136472702026,4.257002196890296
13511200008,0,-0.009690396657986171,5.440856346768133,9.768505811691284,4.327649464923152
13536200009,0,-0.00943692074878792,5.5075853295139625,9.906005859375,4.3984205298610375
13561200009,0,-0.00785133027846485,5.408154253187395,9.877412796020508,4.469258542833113
13586200010,0,-0.006209884038929229,5.322344696512042,9.862601280212402,4.54025658370036
13611200010,0,-0.004910857949783582,5.231431086731817,9.842883825302124,4.611452738570307
13636200010,0,-0.003882459133751995,5.1604564793586505,9.843215703964233,4.682759224605583
13661200011,0,-0.0030765727026812683,5.1363859876013835,9.890515565872192,4.754129578270809
13686200011,0,-0.0027014435352660125,5.007595604554219,9.833149909973145,4.825554305418925
13711200011,0,-0.002451610393625102,4.950788478903862,9.84781551361084,4.897027034706978
13736200012,0,-0.002554366795138405,4.875823516801579,9.844358682632446,4.968535165830867
13761200012,0,-0.0026121957301111793,4.81808389164845,9.858394861221313,5.040310969572864
13786200013,0,-0.0030101680857505886,4.731468827573401,9.843288660049438,5.111819832476037
13811200013,0,-0.003166048180808436,4.661748150999166,9.845186233520508,5.1834380825213415
13836200013,0,-0.0029077911391911754,4.5947909121023525,9.849869728088379,5.255078815986026
13861200014,0,-0.0025048099781604235,4.551348184068707,9.878105878829956,5.326757694761249
13886200014,0,-0.0023183458138190754,4.470924428852862,9.869409084320068,5.398484655467207
13911200014,0,-0.0021098732621521307,4.393904495733146,9.864154815673828,5.470250319940682
13936200015,0,-0.0016886023723438996,4.333980399488919,9.876019477844238,5.5420390783553195
13961200015,0,-0.0008272396270145139,4.235161380101112,9.849010705947876,5.613849325846764
13986200015,0,-2.3629925667124786e-05,4.1993017237626,9.884958744049072,5.685657020286472
14011200016,0,0.00018362837014737323,4.127270446188888,9.884702682495117,5.757432236306229
14036200016,0,1.7578882325285476e-05,4.056284403058315,9.885424375534058,5.829139972475742
14061200017,0,-0.000518135621576048,4.010977739758945,9.911732196807861,5.900754457048916
14086200017,0,2.7596493107970843e-05,3.8916732850262736,9.863930940628052,5.972257655601778
14111200017,0,0.00012549587121148695,3.808868901603378,9.852968215942383,6.044099314339005
14136200018,0,-4.7611478752947336e-05,3.791799489957498,9.830512046813965,6.038712556856467
14161200018,0,0.00045683593694788326,3.7540143620602233,9.788884162902832,6.034869800842609
14186200018,0,0.0003747977759169524,3.75956738643025,9.791238784790039,6.031671398359789
14211200019,0,0.00033654871656488094,3.739847954426211,9.76866602897644,6.028818074550229
14236200019,0,0.0005012321665529662,3.7635406543552303,9.78970742225647,6.026166767901239
14261200020,0,0.000598448525739481,3.8304994720281353,9.854146957397461,6.023647485369326
14286200020,0,0.0007716317666946931,3.8381218880672954,9.85934329032898,6.021221402261684
14311200020,0,0.0008501789421498399,3.827992861792093,9.846853494644165,6.018860632852072
14336200021,0,0.0008534422547532903,3.833933894317444,9.850484132766724,6.0165502384492795
14361200021,0,0.001068517322617914,3.850631089530416,9.864908695220947,6.014277605690531
14386200021,0,0.001275927400413968,3.8677424212535065,9.879778146743774,6.012035725490268
14411200022,0,0.0015770628518207523,3.8701461897988834,9.879964113235474,6.00981792343659
14436200022,0,0.0007515206541385445,3.8859028573390475,9.893522500991821,6.007619643652774
14461200023,0,0.0005256690655834563,3.8719751137967506,9.877410650253296,6.005435536456545
14486200023,0,0.0008539734916887357,3.8807432617925084,9.884010314941406,6.003267053148898
14511200023,0,0.0009781311526014121,3.8801176781831703,9.881229400634766,6.001111722451595
14536200024,0,0.0008585269511354109,3.8760147937147904,9.874982357025146,5.998967563310356
14561200024,0,0.0012949001481084477,3.8558456769822556,9.852676391601562,5.996830714619307
14586200024,0,0.001888215914010222,3.854195594461129,9.848897695541382,5.994702101080253
14611200025,0,0.0023522134316264214,3.865913903745244,9.858489274978638,5.992575371233394
14636200025,0,0.0022836838669539603,3.8021088138329686,9.835405111312866,6.033296297479898
14661200026,0,0.002251050740919455,3.734714111568853,9.84520697593689,6.1104928643680365
14686200026,0,0.001939214659812984,3.6724000252074998,9.856749057769775,6.184349032562276
14711200026,0,0.0016863458785409562,3.602712917474724,9.85772180557251,6.255008888097786
14736200027,0,0.001474761796252117,3.5630205962258152,9.885945796966553,6.3229252007407375
14761200027,0,0.0008273357539256861,3.4698301553370126,9.858333349227905,6.388503193890893
14786200027,0,0.0004058371911451214,3.4327476248052733,9.884843587875366,6.452095963070093
14811200028,0,0.00043839442618884885,3.3795284428685894,9.893531799316406,6.514003356447817
14836200028,0,0.00028054116537077635,3.305693379588189,9.880173683166504,6.574480303578315
14861200029,0,0.00023197093127290793,3.3471310911438756,9.980873823165894,6.633742732022018
14886200029,0,0.0008768925709036675,3.24998895040994,9.941965341567993,6.691976391158053
14911200029,0,0.0008659642682316471,3.201672449462211,9.951010465621948,6.749338016159737
14936200030,0,0.0007780066099200384,3.1480996525075273,9.954052448272705,6.805952795765178
14961200030,0,0.00042238142713470786,3.1156036918325345,9.977548599243164,6.86194490741063
14986200030,0,1.3632550804833665e-05,3.041343978745549,9.958749532699585,6.917405553954036
15011200031,0,-0.00045491842625804103,2.9865347209572635,9.958950519561768,6.972415798604504
15036200031,0,-0.0006564090067734172,2.9743841609716712,10.001427412033081,7.02704325106141
15061200032,0,-0.0005970622519850841,2.903917225971715,9.985259771347046,7.081342545375331
15086200032,0,0.00017672228998658258,2.8172220571638453,9.952587604522705,7.13536554735886
15111200032,0,0.0001736866503554658,2.7322223006249837,9.921376705169678,7.189154404544694
15136200033,0,0.0003903554290264258,2.677164592369838,9.91990327835083,7.242738685980992
15161200033,0,0.0005177005115517746,2.6055929476813535,9.9017493724823,7.296156424800946
15186200033,0,0.0009449667896314611,2.544248336919237,9.893675565719604,7.3494272288003675
15211200034,0,0.001129002442267916,2.4835061909600586,9.886080980300903,7.402574789340845
15236200034,0,0.0018659039627215138,2.4191439752453014,9.874755620956421,7.4556116457111195
15261200034,0,0.0020584394063250955,2.3610970682017713,9.869656562805176,7.508559494603404
15286200035,0,0.0024865404853033394,2.326427750802303,9.887844800949097,7.561417050146794
15311200035,0,0.0025245618716830767,2.266449705755889,9.88066577911377,7.6142160733578805
15336200036,0,0.0028036889357642646,2.303372873997085,9.970325231552124,7.666952357555039
15361200036,0,0.002232305666197309,2.272912703340017,9.992560386657715,7.719647683317698
15386200036,0,0.0020942599539722734,2.193179619284807,9.965476512908936,7.772296893624128
15411200037,0,0.0016936314136556366,2.109407905023244,9.934335708618164,7.82492780359492
15436200037,0,0.0015644649473516177,2.0178850541547293,9.895410060882568,7.877525006727839
15461200037,0,0.0012716016139396266,1.9403519855913016,9.870450496673584,7.930098511082282
15486200038,0,0.001244887985185799,1.8146905653326035,9.797335624694824,7.982645059362221
15511200038,0,0.0009649261202060539,1.796194500217588,9.831367492675781,8.035172992458193
15536200039,0,0.0009730464562192915,1.7110074814441454,9.798686027526855,8.08767854608271
15561200039,0,0.0009709215084775097,1.6374077849289712,9.777578830718994,8.140171045790023
15586200039,0,0.0005429722114808219,1.6096688256600586,9.802315950393677,8.192647124733618
15611200040,0,0.0008299919386029132,1.5564834826231202,9.801591396331787,8.245107913708667
15636200040,0,0.00029359441578457853,1.4820533924217472,9.779614448547363,8.297561056125616
15661200040,0,0.00012253612257114808,1.4234951967887977,9.773496150970459,8.350000954181661
15686200041,0,0.00021056967187353467,1.3204922358269897,9.72292685508728,8.40243461926029
15711200041,0,-0.0006797075409422385,1.2837519950757024,9.73861026763916,8.454858272563458
15736200042,0,-0.002170586054774466,1.2937034738315756,9.80097770690918,8.507274233077604
15761200042,0,-0.0024841676286688295,1.1443832475697935,9.704060554504395,8.559677306934601
15786200042,0,-0.002474074126895366,1.0123027879094746,9.624348163604736,8.612045375695262
15811200043,0,-0.0029951416695765606,1.0573394368884834,9.721763849258423,8.66442441236994
15836200043,0,-0.002015237196652065,1.047194283499417,9.764000415802002,8.716806132302585
15861200043,0,-0.0012019134484851023,1.0237207162145232,9.792891025543213,8.76917030932869
15886200044,0,-0.002518470356500449,0.9753393660676828,9.796897888183594,8.821558522115911
15911200044,0,-0.0030733093900778183,0.9635940406371155,9.83753228187561,8.873938241238495
15936200045,0,-0.002987780243471103,0.9177029313068434,9.84398603439331,8.926283103086467
15961200045,0,-0.0027852271890848363,0.8592914533179421,9.837896347045898,8.978604893727956
15986200045,0,-0.0019199181122349983,0.7998113359217669,9.830720901489258,9.030909565567491
16011200046,0,-0.0016973298362833603,0.7876645200360013,9.870843172073364,9.083178652037363
16036200046,0,-0.0016653038381750785,0.7595348257991308,9.894760608673096,9.135225782873965
16061200046,0,-0.0012909335806676019,0.6907903446377102,9.87722897529602,9.18643863065831
16086200047,0,-0.0005519830034630001,0.6376432052659471,9.874229192733765,9.236585987467818
16111200047,0,0.0010019609237056787,0.5803209324273286,9.865553140640259,9.28523220821293
16136200048,0,0.0019923383533575274,0.5022704529291744,9.834043264389038,9.331772811459864
16161200048,0,0.0022441446607586644,0.4693476749348111,9.845146179199219,9.375798504264408
16186200048,0,0.0019696469471149297,0.43271783778798856,9.849618673324585,9.416900835536596
16211200049,0,0.0018057224070346237,0.4057650911381767,9.860466957092285,9.454701865954108
16236200049,0,0.001292775200366666,0.35654874261567215,9.845730543136597,9.489181800520925
16261200049,0,0.001375724053286932,0.32903066230074707,9.84932255744934,9.520291895148594
16286200050,0,0.001317136208406378,0.2920650066454069,9.840087890625,9.548022883979593
16311200050,0,0.0013810364226413863,0.27745317809735504,9.849720239639282,9.572267061541927
16336200051,0,0.0013638091677347986,0.2483421817775895,9.84143614768982,9.59309396591223
16361200051,0,0.001758366428789202,0.2349432055068874,9.84549593925476,9.610552733747873
16386200051,0,0.0012445085302319092,0.23555987413915425,9.860372543334961,9.624812669195807
16411200052,0,0.0011572338908373018,0.2531844464037363,9.889126539230347,9.63594209282661
16436200052,0,0.0003747218849261744,0.22369780076116896,9.867886304855347,9.644188504094178
16461200052,0,-0.0007864102739759931,0.20824832431360107,9.85812520980835,9.649876885494749
16486200053,0,-0.00047487775683263385,0.20158360117334517,9.854860067367554,9.653276466194209
16511200053,0,-0.0009773520067732386,0.20530521457913586,9.859625101089478,9.654319886510342
16536200053,0,-0.0011633608251699192,0.19443236896631433,9.847593069076538,9.653160700110224
16561200054,0,-0.001728672815474641,0.24578079970596356,9.895759105682373,9.64997830597641
16586200054,0,-0.0017256371758435246,0.23017853176029135,9.875155448913574,9.644976917153283
16611200055,0,-0.0018432682115492995,0.23017199734591465,9.86856722831726,9.638395230971346
16636200055,0,-0.0019054988239871934,0.2096526857336336,9.840328931808472,9.630676246074838
16661200055,0,-0.0019982376147178113,0.1972810965957077,9.819017887115479,9.62173679051977
16686200056,0,-0.002791753814291737,0.22183433878795356,9.833458185195923,9.61162384640797
16711200056,0,-0.0027120682739749215,0.24957286638819198,9.849835395812988,9.600262529424796
16736200056,0,-0.00223501750594492,0.2511927252476589,9.838948488235474,9.587755762987815
16761200057,0,-0.0016737277381514274,0.25835640868899645,9.832823038101196,9.5744666294122
16786200057,0,-0.000557674827771344,0.2674239340004565,9.828019380569458,9.560595446569002
16811200058,0,0.00013217427839994384,0.3190222360879744,9.865176916122437,9.546154680034462
16836200058,0,-0.0003957993444420418,0.31418557320068885,9.845420837402344,9.531235264201655
16861200058,0,0.0003313881291919824,0.39603820392372135,9.912076950073242,9.51603874614952
16886200059,0,0.0010578166929182274,0.3984011639859375,9.899245977401733,9.500844813415796
16911200059,0,0.0018445785943129185,0.3907950346610729,9.876535892486572,9.4857408578255
16936200059,0,0.002407386181921969,0.3992685205795219,9.870436191558838,9.471167670979316
16961200060,0,0.0021053400386258497,0.3829073290549765,9.839806079864502,9.456898750809525
16986200060,0,0.002169240252860858,0.40134220719367697,9.844148397445679,9.442806190252002
17011200061,0,0.0016219903183612805,0.4272077445647593,9.856054544448853,9.428846799884093
17036200061,0,0.0021855568158781107,0.4608866277162704,9.875778436660767,9.414891808944496
17061200061,0,0.0023355933046460575,0.4642672872446152,9.86538290977478,9.401115622530165
17086200062,0,0.001955986568774904,0.4548958924785431,9.842576265335083,9.38768037285654
17111200062,0,0.0016456683074839915,0.48236056171891484,9.857065916061401,9.374705354342487
17136200062,0,0.0014787081277725686,0.49230907353725506,9.854375839233398,9.362066765696143
17161200063,0,0.0018215077331164308,0.5533060117690081,9.903013229370117,9.34970721760111
17186200063,0,0.002418238593603212,0.5657262617304877,9.903507471084595,9.337781209354107
17211200064,0,0.0025612931112195896,0.553238441216287,9.879657983779907,9.32641954256362
17236200064,0,0.0018714440050483017,0.5490786188944448,9.865020275115967,9.315941656221522
17261200064,0,0.0018700020762235216,0.6125820101740747,9.918786764144897,9.306204753970823
17286200065,0,0.0016552305723220094,0.6357482920306143,9.932758569717407,9.297010277686793
17311200065,0,0.002243006295896996,0.642057348940785,9.930500507354736,9.288443158413951
17336200065,0,0.00301868811263811,0.6499496724948077,9.930850982666016,9.280901310171208
17361200066,0,0.002818563569956737,0.6631458082832236,9.937480688095093,9.27433487981187
17386200066,0,0.0031879250220728707,0.6982170461344381,9.96687126159668,9.268654215462242
17411200067,0,0.002941962320961634,0.6934255960855378,9.95728325843811,9.263857662352573
17436200067,0,0.004038738919684126,0.7286090290472753,9.988606452941895,9.25999742389462
17461200067,0,0.004529753630017265,0.7150775019431155,9.972253561019897,9.257176059076782
17486200068,0,0.005369791006938055,0.6845990492606795,9.939851760864258,9.255252711603578
17511200068,0,0.005370549916845834,0.6602155829199123,9.914561748504639,9.254346165584726
17536200068,0,0.006369882483409478,0.6845639419697935,9.938663721084595,9.254099779114801
17561200069,0,0.006569551680146183,0.643264811424137,9.897510766983032,9.254245955558895
17586200069,0,0.00680170222093584,0.6116820459623735,9.86631989479065,9.254637848828276
17611200070,0,0.007592941690786428,0.6312026560044934,9.886605978012085,9.255403322007592
17636200070,0,0.00764826622306353,0.6388488895218707,9.894972324371338,9.256123434849467
17661200070,0,0.007550594517932348,0.42798181958709414,9.684682130813599,9.256700311226504
17686200071,0,0.005232883659574689,0.5084875296184581,9.765925884246826,9.257438354628368
17711200071,0,0.0036035040875727576,0.4904316114662848,9.748199701309204,9.25776808984292
17736200071,0,0.003061945977381524,0.5255366247097566,9.782290935516357,9.2567543108066
17761200072,0,0.0026980486766014005,0.5661995650247587,9.821429014205933,9.255229449181174
17786200072,0,0.0033340151793203655,0.5554151897745445,9.808608055114746,9.253192865340202
17811200072,0,0.003227312446286611,0.5770765172641941,9.828205347061157,9.251128829796963
17836200073,0,0.0033360642360713696,0.6043662975791779,9.853612661361694,9.249246363782516
17861200073,0,0.004068184624105959,0.6393652415401903,9.886899948120117,9.247534706579927
17886200074,0,0.0037610537844277184,0.6764389879695152,9.922644853591919,9.246205865622404
17911200074,0,0.0029593413578497775,0.701298918926641,9.946751832962036,9.245452914035395
17936200074,0,0.0013103819102271432,0.7274029726919053,9.972965955734253,9.245562983042348
17961200075,0,0.0005979172888040355,0.7337399756385921,9.980433225631714,9.246693249993122
17986200075,0,0.00048271476480315383,0.7251914930147816,9.974088907241821,9.24889741422704
18011200075,0,0.0004344480946683971,0.7098843467397984,9.962048292160034,9.252163945420236
18036200076,0,0.00016875373595490103,0.7301826779282496,9.986520767211914,9.256338089283664
18061200076,0,0.0004058371911451214,0.7249233253050384,9.986118793487549,9.26119546818251
18086200077,0,0.0002377386465720298,0.725052350598455,9.991671323776245,9.26661897317779
18111200077,0,0.00038284222093941183,0.7388693237056145,10.011532545089722,9.272663221384107
18136200077,0,0.00042405102893182205,0.7561743130157357,10.03537917137146,9.279204858355724
18161200078,0,0.00048787535217605235,0.7330903440207539,10.019315242767334,9.28622489874658
18186200078,0,0.0009525558887092531,0.6459056783759927,9.939716577529907,9.293810899153915
18211200078,0,0.0012069424897968393,0.6249204652326572,9.926844835281372,9.301924370048715
18236200079,0,0.001591482140068557,0.5846268406729411,9.894696950912476,9.310070110239534
18261200079,0,0.001882599980692656,0.5712584182801699,9.888907670974731,9.317649252694562
18286200080,0,0.002288313217391413,0.6103855860005556,9.93497085571289,9.324585269712335
18311200080,0,0.0022966612263769846,0.5714472410543934,9.902154922485352,9.330707681430958
18336200080,0,0.002146700628599816,0.5571480096713284,9.893347978591919,9.33619996892059
18361200081,0,0.0025791274940524006,0.5737878744836209,9.91512393951416,9.34133606503054
18386200081,0,0.002756257066528065,0.5316969181900717,9.877532243728638,9.345835325538566
18411200081,0,0.002518642374402399,0.4940653535889048,9.843827247619629,9.349761894030724
18436200082,0,0.002364052426187777,0.5067889018498839,9.860007762908936,9.353218861059052
18461200082,0,0.0009830640670019767,0.48616130021344617,9.842041969299316,9.35588066908587
18486200083,0,0.0008097290440652089,0.4820224094110017,9.83970594406128,9.357683534650278
18511200083,0,0.00036326234531870857,0.46824268263892677,9.827070951461792,9.358828268822865
18536200083,0,3.207406156386809e-05,0.4821921767501287,9.841411828994751,9.359219652244622
18561200084,0,0.0002825902221217802,0.49678800088716635,9.855713367462158,9.358925366574992
18586200084,0,0.000531512671873356,0.5470742910911035,9.90507459640503,9.358000305313926
18611200084,0,-0.00014604209379190887,0.513997731499547,9.87067437171936,9.356676640219813
18636200085,0,-0.0010321453021148964,0.5167853191460647,9.87201976776123,9.355234448615166
18661200085,0,-0.0009244559862010286,0.5262102393610952,9.880119323730469,9.353909084369374
18686200086,0,-0.0010593901678041695,0.5049633655192505,9.857370615005493,9.352407249486243
18711200086,0,-0.0008933406799820818,0.5468496144693358,9.897686004638672,9.350836390169336
18736200086,0,-0.00139057845155901,0.5964140879316346,9.945626020431519,9.349211932499884
18761200087,0,-0.0013130937499747542,0.6046723372054519,9.95219349861145,9.347521161405998
18786200087,0,-0.0010009541049051714,0.5668895601203889,9.91309905052185,9.346209490401462
18811200087,0,-0.0011036346154276965,0.5643836244394826,9.909910440444946,9.345526816005464
18836200088,0,-0.0012618673311996587,0.5937913430176085,9.939053535461426,9.345262192443817
18861200088,0,-0.0015693776258317881,0.5855640477373267,9.93065071105957,9.345086663322244
18886200089,0,-0.002071851875772393,0.5647976526121798,9.90988540649414,9.34508775388196
18911200089,0,-0.0009428216059692852,0.5384765175237565,9.883874416351318,9.345397898827562
18936200089,0,-0.0003964823633590431,0.5308563358834242,9.876668214797974,9.34581187891455
18961200090,0,-0.0002170760611600415,0.5132371398757165,9.859353303909302,9.346116164033585
18986200090,0,-0.0006220303879510197,0.506529753025708,9.85265564918518,9.346125896159473
19011200090,0,-0.0005890178069626247,0.512562988099587,9.858361959457397,9.34579897135781
19036200091,0,-0.000553880278232448,0.47232484518605133,9.817367792129517,9.345042946943465
19061200091,0,-0.00016797459012672758,0.4469045194295873,9.790808916091919,9.343904396662332
19086200091,0,0.0002976925292865862,0.44642452031411395,9.788779735565186,9.342355215251072
19111200092,0,0.0013630502578270195,0.4813714091265915,9.82147479057312,9.340103381446529
19136200092,0,0.001522952575396096,0.4849527482086611,9.822067737579346,9.337114989370685
19161200093,0,0.0020399220045752833,0.49212938010323626,9.825734853744507,9.33360547364127
19186200093,0,0.00044423803247874865,0.44935829689748985,9.779245376586914,9.329887079689424
19211200093,0,0.001683841475845285,0.4538066055814163,9.77977967262268,9.325973067041264
19236200094,0,0.002259550531886582,0.3674531038120694,9.689268350601196,9.321815246789127
19261200094,0,0.003219951020181153,0.21000246270386214,9.527149200439453,9.317146737735591
19286200094,0,0.0017847006025891398,0.35263614746911465,9.664509057998657,9.311872910529543
19311200095,0,0.0011593588385790837,0.45485765601421946,9.759923458099365,9.305065802085146
19336200095,0,0.0007846850171084953,0.47550182503952776,9.771957635879517,9.296455810839989
19361200096,0,0.0006011047104167082,0.5768767813491564,9.864548206329346,9.28767142498019
19386200096,0,0.0006281977941244254,0.5252048322980585,9.804534673690796,9.279329841392737
19411200096,0,-3.06877878094713e-05,0.6053536614380199,9.877028703689575,9.271675042251555
19436200097,0,-0.00012335068754931096,0.5640713514434399,9.829133033752441,9.265061682309002
19461200097,0,-0.0008188916180289428,0.572966236080573,9.832090616226196,9.259124380145623
19486200097,0,-0.001445447637891446,0.6125764163421756,9.8667733669281,9.254196950585925
19511200098,0,-0.002010531955223834,0.676737159073701,9.926530838012695,9.249793678938994
19536200098,0,-0.001709168830844716,0.6933228435313232,9.939371109008789,9.246048265477466
19561200099,0,-0.0011055318901971446,0.6677077446871049,9.910999774932861,9.243292030245756
19586200099,0,-0.0004524899145531476,0.5850087294455886,9.826817035675049,9.24180830622946
19611200099,0,-0.0007989322874543498,0.5896217827663435,9.830987691879272,9.241365909112929
19636200100,0,-0.001935248092372138,0.5754972226925403,9.816874265670776,9.241377042978236
19661200100,0,-0.0014191134640915077,0.5572545771481625,9.798529386520386,9.241274809372223
19686200100,0,-0.001763658562223262,0.5639748363815951,9.805114030838013,9.241139194456418
19711200101,0,-0.0009262014789889209,0.617654390181821,9.858520030975342,9.24086564079352
19736200101,0,-2.0366613063674253e-05,0.6292637606700282,9.869637966156006,9.240374205485978
19761200102,0,-0.0002308123304908449,0.5879939621492234,9.827937126159668,9.239943164010445
19786200102,0,-0.0001427028901976804,0.597094677554507,9.837018728256226,9.239924050701719
19811200102,0,-0.00017510834325985204,0.5954056635049003,9.835563898086548,9.240158234581648
19836200103,0,0.00022096673761010964,0.5665163096812531,9.806865692138672,9.240349382457419
19861200103,0,0.00033442376882309924,0.5789270335695971,9.819528579711914,9.240601546142317
19886200103,0,0.00038261454796707805,0.5719955212245438,9.812798738479614,9.24080321725507
19911200104,0,0.0006250103725117527,0.6088910089816402,9.849703788757324,9.240812779775684
19936200104,0,0.0006971068137507763,0.5828818275279257,9.823632001876831,9.240750174348905
19961200105,0,0.0005978413978132576,0.5795032203822448,9.82018232345581,9.240679103073566
19986200105,0,0.0005573914997286266,0.5879856155438539,9.828763961791992,9.240778346248138
20011200105,0,0.0012310758248642176,0.6147385693167458,9.85555100440979,9.240812435093044
20036200106,0,0.001603700589583802,0.5932143719005012,9.834041833877563,9.240827461977062
20061200106,0,0.0018848767104159938,0.6092604971607738,9.850223064422607,9.240962567261834
20086200106,0,0.001378607910936493,0.6334745715447472,9.874789953231812,9.241315381687064
20111200107,0,0.0013786838019272708,0.6372203930096969,9.878964185714722,9.241743792705025
20136200107,0,0.0017037249154290997,0.6508384054308944,9.893296480178833,9.242458074747939
20161200108,0,0.001953178602116121,0.6338360349462295,9.877402782440186,9.243566747493956
20186200108,0,0.001652953842598672,0.630613015176726,9.875668287277222,9.245055272100496
20211200108,0,0.001159890075514529,0.6200117073323188,9.866922855377197,9.246911148044878
20236200109,0,0.0006857231651340884,0.6138163828076966,9.86278223991394,9.248965857106244
20261200109,0,4.140865342955219e-05,0.6344274502401532,9.885591745376587,9.251164295136434
20286200109,0,0.0002103419989012009,0.7103333207585987,9.96374773979187,9.253414419033271
20311200110,0,-0.0003332651680410362,0.7069802894522592,9.962744235992432,9.255763946540172
20336200110,0,-0.0012844828464514786,0.7490993045589232,10.007697343826294,9.25859803926737
20361200110,0,-0.001891838445647168,0.6954111949249508,9.957733154296875,9.262321959371924
20386200111,0,-0.0018153403269430253,0.6900399355387936,9.956867694854736,9.266827759315943
20411200111,0,-0.003445402917861957,0.6481029722982203,9.920236587524414,9.272133615226194
20436200112,0,-0.003920859975085623,0.6905525405473067,9.968282461166382,9.277729920619075
20461200112,0,-0.004161054960897738,0.6606213104356033,9.944038152694702,9.283416842259099
20486200112,0,-0.00332238362181095,0.6577597171969494,9.946852684020996,9.289092966824047
20511200113,0,-0.0026933231992527754,0.6597407569265741,9.954736948013306,9.294996191086732
20536200113,0,-0.0025026091394278636,0.5846925463498902,9.885576009750366,9.300883463400476
20561200113,0,-0.0030182884217638266,0.5559759694250719,9.862722873687744,9.306746904262672
20586200114,0,-0.0027139655487443694,0.5780228441454209,9.890399694442749,9.312376850297328
